{
	"format_version": "1.10.0",
	"geometry.model": {
		"texturewidth": 64,
		"textureheight": 64,
		"visible_bounds_width": 3,
		"visible_bounds_height": 4,
		"visible_bounds_offset": [0, 1, 0],
		"bones": [
			{
				"name": "head",
				"pivot": [0, 18, 0],
				"cubes": [
					{"origin": [-4, 18, -4], "size": [8, 8, 8], "uv": [0, 0]}
				]
			},
			{
				"name": "blink",
				"parent": "head",
				"pivot": [0, 18, 0],
				"cubes": [
					{"origin": [-4, 18, -4.001], "size": [8, 8, 0], "uv": [36, 34]}
				]
			},
			{
				"name": "hat",
				"parent": "head",
				"pivot": [0, 18, 0],
				"cubes": [
					{"origin": [-4, 26, -4], "size": [8, 1, 8], "uv": [0, 16]},
					{"origin": [-3, 27, -3], "size": [6, 3, 6], "uv": [24, 25]},
					{"origin": [-1, 30, 0], "size": [2, 1, 1], "uv": [0, 6]},
					{"origin": [-2, 30, 0], "size": [1, 2, 1], "uv": [48, 10]},
					{"origin": [1, 30, 0], "size": [1, 2, 1], "uv": [45, 42]}
				]
			},
			{
				"name": "bone18",
				"parent": "hat",
				"pivot": [0, 17, -4],
				"rotation": [-22.5, 0, 0],
				"cubes": [
					{"origin": [-4, 26, -8], "size": [8, 3, 0], "uv": [40, 15]}
				]
			},
			{
				"name": "bone19",
				"parent": "hat",
				"pivot": [0, 17, 4],
				"rotation": [22.5, 0, 0],
				"cubes": [
					{"origin": [-4, 26, 8], "size": [8, 3, 0], "uv": [32, 12]}
				]
			},
			{
				"name": "bone20",
				"parent": "hat",
				"pivot": [-4, 17, 0],
				"rotation": [0, 0, 22.5],
				"cubes": [
					{"origin": [-8, 26, -4], "size": [0, 3, 8], "uv": [24, 11]}
				]
			},
			{
				"name": "bone21",
				"parent": "hat",
				"pivot": [4, 17, 0],
				"rotation": [0, 0, -22.5],
				"cubes": [
					{"origin": [8, 26, -4], "size": [0, 3, 8], "uv": [24, 8]}
				]
			},
			{
				"name": "bone22",
				"parent": "hat",
				"pivot": [0, 19, 0],
				"rotation": [5, 0, 0],
				"cubes": [
					{"origin": [-4, 27, -5], "size": [8, 0, 2], "uv": [22, 22]}
				]
			},
			{
				"name": "hair",
				"parent": "head",
				"pivot": [0, 18, 0],
				"cubes": [
					{"origin": [-4, 13, 4], "size": [8, 5, 0], "uv": [0, 40]},
					{"origin": [-4, 14, -4], "size": [1, 4, 0], "uv": [28, 25]},
					{"origin": [3, 14, -4], "size": [1, 4, 0], "uv": [4, 25]}
				]
			},
			{
				"name": "armRight",
				"pivot": [-3, 17.5, 0],
				"rotation": [0, 0, 25],
				"cubes": [
					{"origin": [-5, 8.5, -1], "size": [2, 8, 2], "uv": [44, 0]},
					{"origin": [-5.5, 13.5, -1.5], "size": [3, 4, 3], "uv": [36, 42]}
				]
			},
			{
				"name": "armLeft",
				"pivot": [3, 17.5, 0],
				"rotation": [0, 0, -25],
				"cubes": [
					{"origin": [2.5, 13.5, -1.5], "size": [3, 4, 3], "uv": [40, 18]},
					{"origin": [3, 8.5, -1], "size": [2, 8, 2], "uv": [16, 40]}
				]
			},
			{
				"name": "body",
				"pivot": [0, 10.5, 0],
				"cubes": [
					{"origin": [-3, 8.999, -3], "size": [6, 9, 6], "uv": [0, 25]}
				]
			},
			{
				"name": "sittingRotationSkirt",
				"parent": "body",
				"pivot": [0, 10.5, 0]
			},
			{
				"name": "bone",
				"parent": "sittingRotationSkirt",
				"pivot": [0, 15.5, 0]
			},
			{
				"name": "bone2",
				"parent": "bone",
				"pivot": [0, 5, 0]
			},
			{
				"name": "bone3",
				"parent": "bone2",
				"pivot": [0, 5, 4.46456],
				"rotation": [11, 0, 0],
				"cubes": [
					{"origin": [-2.5, 4.62514, 4.46456], "size": [5, 6, 0], "uv": [24, 46]}
				]
			},
			{
				"name": "bone4",
				"parent": "bone3",
				"pivot": [-2.5, 4.62514, 4.46456],
				"rotation": [0, 0, 10.8027],
				"cubes": [
					{"origin": [-4.5, 4.62514, 4.46356], "size": [2, 6, 0], "uv": [10, 45]}
				]
			},
			{
				"name": "bone5",
				"parent": "bone3",
				"pivot": [2.5, 4.62514, 4.46456],
				"rotation": [0, 0, -10.8027],
				"cubes": [
					{"origin": [2.5, 4.62514, 4.46556], "size": [2, 6, 0], "uv": [28, 0]}
				]
			},
			{
				"name": "bone6",
				"parent": "bone",
				"pivot": [0, 5, 0],
				"rotation": [0, -90, 0]
			},
			{
				"name": "bone7",
				"parent": "bone6",
				"pivot": [0, 5, 4.46456],
				"rotation": [11, 0, 0],
				"cubes": [
					{"origin": [-2.5, 4.62514, 4.46456], "size": [5, 6, 0], "uv": [0, 45]}
				]
			},
			{
				"name": "bone8",
				"parent": "bone7",
				"pivot": [-2.5, 4.62514, 4.46456],
				"rotation": [0, 0, 10.8027],
				"cubes": [
					{"origin": [-4.5, 4.62514, 4.46356], "size": [2, 6, 0], "uv": [0, 25]}
				]
			},
			{
				"name": "bone9",
				"parent": "bone7",
				"pivot": [2.5, 4.62514, 4.46456],
				"rotation": [0, 0, -10.8027],
				"cubes": [
					{"origin": [2.5, 4.62514, 4.46556], "size": [2, 6, 0], "uv": [24, 0]}
				]
			},
			{
				"name": "bone10",
				"parent": "bone",
				"pivot": [0, 5, 0],
				"rotation": [0, -180, 0]
			},
			{
				"name": "bone11",
				"parent": "bone10",
				"pivot": [0, 5, 4.46456],
				"rotation": [11, 0, 0],
				"cubes": [
					{"origin": [-2.5, 4.62514, 4.46456], "size": [5, 6, 0], "uv": [42, 25]}
				]
			},
			{
				"name": "bone12",
				"parent": "bone11",
				"pivot": [-2.5, 4.62514, 4.46456],
				"rotation": [0, 0, 10.8027],
				"cubes": [
					{"origin": [-4.5, 4.62514, 4.46356], "size": [2, 6, 0], "uv": [4, 16]}
				]
			},
			{
				"name": "bone13",
				"parent": "bone11",
				"pivot": [2.5, 4.62514, 4.46456],
				"rotation": [0, 0, -10.8027],
				"cubes": [
					{"origin": [2.5, 4.62514, 4.46556], "size": [2, 6, 0], "uv": [0, 16]}
				]
			},
			{
				"name": "bone14",
				"parent": "bone",
				"pivot": [0, 5, 0],
				"rotation": [0, -270, 0]
			},
			{
				"name": "bone15",
				"parent": "bone14",
				"pivot": [0, 5, 4.46456],
				"rotation": [11, 0, 0],
				"cubes": [
					{"origin": [-2.5, 4.62514, 4.46456], "size": [5, 6, 0], "uv": [18, 25]}
				]
			},
			{
				"name": "bone16",
				"parent": "bone15",
				"pivot": [-2.5, 4.62514, 4.46456],
				"rotation": [0, 0, 10.8027],
				"cubes": [
					{"origin": [-4.5, 4.62514, 4.46356], "size": [2, 6, 0], "uv": [4, 0]}
				]
			},
			{
				"name": "bone17",
				"parent": "bone15",
				"pivot": [2.5, 4.62514, 4.46456],
				"rotation": [0, 0, -10.8027],
				"cubes": [
					{"origin": [2.5, 4.62514, 4.46556], "size": [2, 6, 0], "uv": [0, 0]}
				]
			},
			{
				"name": "legLeft",
				"pivot": [2, 9, 0],
				"cubes": [
					{"origin": [0.499, 0, -1.5], "size": [3, 9, 3], "uv": [24, 34]}
				]
			},
			{
				"name": "legRight",
				"pivot": [-2, 9, 0],
				"cubes": [
					{"origin": [-3.499, 0, -1.5], "size": [3, 9, 3], "uv": [32, 0]}
				]
			}
		]
	}
}