{
	"format_version": "1.10.0",
	"geometry.model": {
		"texturewidth": 64,
		"textureheight": 64,
		"visible_bounds_width": 3,
		"visible_bounds_height": 4,
		"visible_bounds_offset": [0, 1, 0],
		"bones": [
			{
				"name": "head",
				"pivot": [0, 18, 0],
				"cubes": [
					{"origin": [-4, 18, -4], "size": [8, 8, 8], "uv": [0, 0]}
				]
			},
			{
				"name": "blink",
				"parent": "head",
				"pivot": [0, 18, 0],
				"cubes": [
					{"origin": [-4, 18, -4.001], "size": [8, 8, 0], "uv": [24, 0]}
				]
			},
			{
				"name": "hu",
				"parent": "head",
				"pivot": [0, 18, 0]
			},
			{
				"name": "bone22",
				"parent": "hu",
				"pivot": [0, 18, 0],
				"cubes": [
					{"origin": [-1, 24, 4], "size": [2, 2, 1], "uv": [0, 5]}
				]
			},
			{
				"name": "bone23",
				"parent": "hu",
				"pivot": [2, 18, 0],
				"rotation": [0, -10, -12.5],
				"cubes": [
					{"origin": [3, 25, 4], "size": [4, 2, 1], "uv": [36, 21]}
				]
			},
			{
				"name": "bone24",
				"parent": "hu",
				"pivot": [-3, 19, 0],
				"rotation": [0, 10, 15],
				"cubes": [
					{"origin": [-7, 25, 4], "size": [4, 2, 1], "uv": [36, 18]}
				]
			},
			{
				"name": "bone25",
				"parent": "hu",
				"pivot": [-7, 21, 0],
				"rotation": [0, -5, 55],
				"cubes": [
					{"origin": [-6, 23, 4], "size": [1, 6, 1], "uv": [24, 40]}
				]
			},
			{
				"name": "bone26",
				"parent": "hu",
				"pivot": [4, 20, -1],
				"rotation": [0, 5, -55],
				"cubes": [
					{"origin": [4, 20, 4], "size": [1, 6, 1], "uv": [16, 31]}
				]
			},
			{
				"name": "hair",
				"parent": "head",
				"pivot": [0, 18, 0],
				"rotation": [10, 0, 0],
				"cubes": [
					{"origin": [-4, 16, 4], "size": [8, 2, 0], "uv": [33, 16]}
				]
			},
			{
				"name": "armRight",
				"pivot": [-3, 17.5, 0],
				"rotation": [0, 0, 25],
				"cubes": [
					{"origin": [-5, 8.5, -1], "size": [2, 8, 2], "uv": [8, 36]},
					{"origin": [-5.5, 13.5, -1.5], "size": [3, 4, 3], "uv": [33, 31]}
				]
			},
			{
				"name": "armLeft",
				"pivot": [3, 17.5, 0],
				"rotation": [0, 0, -25],
				"cubes": [
					{"origin": [2.5, 13.5, -1.5], "size": [3, 4, 3], "uv": [32, 9]},
					{"origin": [3, 8.5, -1], "size": [2, 8, 2], "uv": [0, 36]}
				]
			},
			{
				"name": "sh",
				"parent": "armLeft",
				"pivot": [3, 17.5, 0],
				"cubes": [
					{"origin": [2, 9.5, -2], "size": [4, 1, 4], "uv": [0, 31]}
				]
			},
			{
				"name": "body",
				"pivot": [0, 10.5, 0],
				"cubes": [
					{"origin": [-3, 8.999, -3], "size": [6, 9, 6], "uv": [0, 16]}
				]
			},
			{
				"name": "sittingRotationSkirt",
				"parent": "body",
				"pivot": [0, 10.5, 0]
			},
			{
				"name": "bone",
				"parent": "sittingRotationSkirt",
				"pivot": [0, 16.5, 0]
			},
			{
				"name": "bone2",
				"parent": "bone",
				"pivot": [0, 6, 0]
			},
			{
				"name": "bone3",
				"parent": "bone2",
				"pivot": [0, 6, 3.97051],
				"rotation": [10, 0, 0],
				"cubes": [
					{"origin": [-2, 5.65782, 3.97051], "size": [4, 5, 0], "uv": [16, 40]}
				]
			},
			{
				"name": "bone4",
				"parent": "bone3",
				"pivot": [-2, 5.65782, 3.97051],
				"rotation": [0, 0, 9.85108],
				"cubes": [
					{"origin": [-4, 5.65782, 3.96951], "size": [2, 5, 0], "uv": [44, 9]}
				]
			},
			{
				"name": "bone5",
				"parent": "bone3",
				"pivot": [2, 5.65782, 3.97051],
				"rotation": [0, 0, -9.85108],
				"cubes": [
					{"origin": [2, 5.65782, 3.97151], "size": [2, 5, 0], "uv": [40, 43]}
				]
			},
			{
				"name": "bone6",
				"parent": "bone",
				"pivot": [0, 6, 0],
				"rotation": [0, -90, 0]
			},
			{
				"name": "bone7",
				"parent": "bone6",
				"pivot": [0, 6, 3.97051],
				"rotation": [10, 0, 0],
				"cubes": [
					{"origin": [-2, 5.65782, 3.97051], "size": [4, 5, 0], "uv": [40, 0]}
				]
			},
			{
				"name": "bone8",
				"parent": "bone7",
				"pivot": [-2, 5.65782, 3.97051],
				"rotation": [0, 0, 9.85108],
				"cubes": [
					{"origin": [-4, 5.65782, 3.96951], "size": [2, 5, 0], "uv": [36, 43]}
				]
			},
			{
				"name": "bone9",
				"parent": "bone7",
				"pivot": [2, 5.65782, 3.97051],
				"rotation": [0, 0, -9.85108],
				"cubes": [
					{"origin": [2, 5.65782, 3.97151], "size": [2, 5, 0], "uv": [32, 43]}
				]
			},
			{
				"name": "bone10",
				"parent": "bone",
				"pivot": [0, 6, 0],
				"rotation": [0, -180, 0]
			},
			{
				"name": "bone11",
				"parent": "bone10",
				"pivot": [0, 6, 3.97051],
				"rotation": [10, 0, 0],
				"cubes": [
					{"origin": [-2, 5.65782, 3.97051], "size": [4, 5, 0], "uv": [33, 38]}
				]
			},
			{
				"name": "bone12",
				"parent": "bone11",
				"pivot": [-2, 5.65782, 3.97051],
				"rotation": [0, 0, 9.85108],
				"cubes": [
					{"origin": [-4, 5.65782, 3.96951], "size": [2, 5, 0], "uv": [41, 38]}
				]
			},
			{
				"name": "bone13",
				"parent": "bone11",
				"pivot": [2, 5.65782, 3.97051],
				"rotation": [0, 0, -9.85108],
				"cubes": [
					{"origin": [2, 5.65782, 3.97151], "size": [2, 5, 0], "uv": [28, 40]}
				]
			},
			{
				"name": "bone14",
				"parent": "bone",
				"pivot": [0, 6, 0],
				"rotation": [0, -270, 0]
			},
			{
				"name": "bone15",
				"parent": "bone14",
				"pivot": [0, 6, 3.97051],
				"rotation": [10, 0, 0],
				"cubes": [
					{"origin": [-2, 5.65782, 3.97051], "size": [4, 5, 0], "uv": [0, 0]}
				]
			},
			{
				"name": "bone16",
				"parent": "bone15",
				"pivot": [-2, 5.65782, 3.97051],
				"rotation": [0, 0, 9.85108],
				"cubes": [
					{"origin": [-4, 5.65782, 3.96951], "size": [2, 5, 0], "uv": [18, 16]}
				]
			},
			{
				"name": "bone17",
				"parent": "bone15",
				"pivot": [2, 5.65782, 3.97051],
				"rotation": [0, 0, -9.85108],
				"cubes": [
					{"origin": [2, 5.65782, 3.97151], "size": [2, 5, 0], "uv": [0, 16]}
				]
			},
			{
				"name": "dz",
				"parent": "body",
				"pivot": [0, 10.5, 0]
			},
			{
				"name": "bone18",
				"parent": "dz",
				"pivot": [0, 11.5, 0],
				"rotation": [0, 0, 25],
				"cubes": [
					{"origin": [-10, 11.5, 3], "size": [10, 1, 0], "uv": [32, 8]}
				]
			},
			{
				"name": "bone19",
				"parent": "dz",
				"pivot": [0, 11.5, 0],
				"rotation": [0, 0, -22.5],
				"cubes": [
					{"origin": [0, 11.5, 3], "size": [10, 1, 0], "uv": [30, 30]}
				]
			},
			{
				"name": "bone20",
				"parent": "dz",
				"pivot": [0, 11.5, 0],
				"rotation": [0, 0, -15],
				"cubes": [
					{"origin": [-10, 11.5, 3], "size": [10, 1, 0], "uv": [30, 29]}
				]
			},
			{
				"name": "bone21",
				"parent": "dz",
				"pivot": [0, 10.5, 0],
				"rotation": [0, 0, 15],
				"cubes": [
					{"origin": [0, 11.5, 3], "size": [10, 1, 0], "uv": [30, 28]}
				]
			},
			{
				"name": "legLeft",
				"pivot": [2, 9, 0],
				"cubes": [
					{"origin": [0.499, 0, -1.5], "size": [3, 9, 3], "uv": [21, 28]}
				]
			},
			{
				"name": "legRight",
				"pivot": [-2, 9, 0],
				"cubes": [
					{"origin": [-3.499, 0, -1.5], "size": [3, 9, 3], "uv": [24, 16]}
				]
			}
		]
	}
}