{
	"format_version": "1.10.0",
	"geometry.model": {
		"texturewidth": 64,
		"textureheight": 64,
		"visible_bounds_width": 3,
		"visible_bounds_height": 4,
		"visible_bounds_offset": [0, 1, 0],
		"bones": [
			{
				"name": "head",
				"pivot": [0, 18, 0],
				"cubes": [
					{"origin": [-4, 18, -4], "size": [8, 8, 8], "uv": [0, 0]}
				]
			},
			{
				"name": "blink",
				"parent": "head",
				"pivot": [0, 18, 0],
				"cubes": [
					{"origin": [-4, 18, -4.001], "size": [8, 8, 0], "uv": [24, 0]}
				]
			},
			{
				"name": "lear",
				"parent": "head",
				"pivot": [0, 18, 0],
				"cubes": [
					{"origin": [-5, 26, -4], "size": [2, 2, 1], "uv": [18, 16]}
				]
			},
			{
				"name": "rear",
				"parent": "head",
				"pivot": [0, 18, 0],
				"cubes": [
					{"origin": [3, 26, -4], "size": [2, 2, 1], "uv": [0, 16]}
				]
			},
			{
				"name": "hair",
				"parent": "head",
				"pivot": [0, 18, 0],
				"cubes": [
					{"origin": [-4, 9, 4], "size": [8, 9, 0], "uv": [24, 16]}
				]
			},
			{
				"name": "armRight",
				"pivot": [-3, 17.5, 0],
				"rotation": [0, 0, 25],
				"cubes": [
					{"origin": [-5, 8.5, -1], "size": [2, 8, 2], "uv": [36, 25]},
					{"origin": [-5.5, 13.5, -1.5], "size": [3, 4, 3], "uv": [32, 8]}
				]
			},
			{
				"name": "armLeft",
				"pivot": [3, 17.5, 0],
				"rotation": [0, 0, -25],
				"cubes": [
					{"origin": [2.5, 13.5, -1.5], "size": [3, 4, 3], "uv": [12, 31]},
					{"origin": [3, 8.5, -1], "size": [2, 8, 2], "uv": [34, 35]}
				]
			},
			{
				"name": "body",
				"pivot": [0, 10.5, 0],
				"cubes": [
					{"origin": [-3, 8.999, -3], "size": [6, 9, 6], "uv": [0, 16]}
				]
			},
			{
				"name": "sittingRotationSkirt",
				"parent": "body",
				"pivot": [0, 10.5, 0]
			},
			{
				"name": "sittingRotationSkirt2",
				"parent": "sittingRotationSkirt",
				"pivot": [0, 16.5, 0]
			},
			{
				"name": "bone",
				"parent": "sittingRotationSkirt2",
				"pivot": [0, 6, 0]
			},
			{
				"name": "bone2",
				"parent": "bone",
				"pivot": [0, 6, 3.98091],
				"rotation": [8, 0, 0],
				"cubes": [
					{"origin": [-2, 3.72431, 3.98091], "size": [4, 8, 0], "uv": [40, 0]}
				]
			},
			{
				"name": "bone3",
				"parent": "bone2",
				"pivot": [-2, 5.72431, 3.98091],
				"rotation": [0, 0, 7.92314],
				"cubes": [
					{"origin": [-4, 3.72431, 3.97991], "size": [2, 8, 0], "uv": [44, 8]}
				]
			},
			{
				"name": "bone4",
				"parent": "bone2",
				"pivot": [2, 5.72431, 3.98091],
				"rotation": [0, 0, -7.92314],
				"cubes": [
					{"origin": [2, 3.72431, 3.98191], "size": [2, 8, 0], "uv": [42, 43]}
				]
			},
			{
				"name": "bone5",
				"parent": "sittingRotationSkirt2",
				"pivot": [0, 6, 0],
				"rotation": [0, -90, 0]
			},
			{
				"name": "bone6",
				"parent": "bone5",
				"pivot": [0, 6, 3.98091],
				"rotation": [8, 0, 0],
				"cubes": [
					{"origin": [-2, 3.72431, 3.98091], "size": [4, 8, 0], "uv": [12, 38]}
				]
			},
			{
				"name": "bone7",
				"parent": "bone6",
				"pivot": [-2, 5.72431, 3.98091],
				"rotation": [0, 0, 7.92314],
				"cubes": [
					{"origin": [-4, 3.72431, 3.97991], "size": [2, 8, 0], "uv": [8, 43]}
				]
			},
			{
				"name": "bone8",
				"parent": "bone6",
				"pivot": [2, 5.72431, 3.98091],
				"rotation": [0, 0, -7.92314],
				"cubes": [
					{"origin": [2, 3.72431, 3.98191], "size": [2, 8, 0], "uv": [4, 43]}
				]
			},
			{
				"name": "bone9",
				"parent": "sittingRotationSkirt2",
				"pivot": [0, 6, 0],
				"rotation": [0, -180, 0]
			},
			{
				"name": "bone10",
				"parent": "bone9",
				"pivot": [0, 6, 3.98091],
				"rotation": [8, 0, 0],
				"cubes": [
					{"origin": [-2, 3.72431, 3.98091], "size": [4, 8, 0], "uv": [24, 37]}
				]
			},
			{
				"name": "bone11",
				"parent": "bone10",
				"pivot": [-2, 5.72431, 3.98091],
				"rotation": [0, 0, 7.92314],
				"cubes": [
					{"origin": [-4, 3.72431, 3.97991], "size": [2, 8, 0], "uv": [0, 43]}
				]
			},
			{
				"name": "bone12",
				"parent": "bone10",
				"pivot": [2, 5.72431, 3.98091],
				"rotation": [0, 0, -7.92314],
				"cubes": [
					{"origin": [2, 3.72431, 3.98191], "size": [2, 8, 0], "uv": [42, 35]}
				]
			},
			{
				"name": "bone13",
				"parent": "sittingRotationSkirt2",
				"pivot": [0, 6, 0],
				"rotation": [0, -270, 0]
			},
			{
				"name": "bone14",
				"parent": "bone13",
				"pivot": [0, 6, 3.98091],
				"rotation": [8, 0, 0],
				"cubes": [
					{"origin": [-2, 3.72431, 3.98091], "size": [4, 8, 0], "uv": [0, 0]}
				]
			},
			{
				"name": "bone15",
				"parent": "bone14",
				"pivot": [-2, 5.72431, 3.98091],
				"rotation": [0, 0, 7.92314],
				"cubes": [
					{"origin": [-4, 3.72431, 3.97991], "size": [2, 8, 0], "uv": [40, 15]}
				]
			},
			{
				"name": "bone16",
				"parent": "bone14",
				"pivot": [2, 5.72431, 3.98091],
				"rotation": [0, 0, -7.92314],
				"cubes": [
					{"origin": [2, 3.72431, 3.98191], "size": [2, 8, 0], "uv": [20, 38]}
				]
			},
			{
				"name": "legLeft",
				"pivot": [2, 9, 0],
				"cubes": [
					{"origin": [0.499, 0, -1.5], "size": [3, 9, 3], "uv": [0, 31]}
				]
			},
			{
				"name": "legRight",
				"pivot": [-2, 9, 0],
				"cubes": [
					{"origin": [-3.499, 0, -1.5], "size": [3, 9, 3], "uv": [24, 25]}
				]
			}
		]
	}
}