{
	"format_version": "1.10.0",
	"geometry.model": {
		"texturewidth": 64,
		"textureheight": 64,
		"visible_bounds_width": 3,
		"visible_bounds_height": 4,
		"visible_bounds_offset": [0, 1, 0],
		"bones": [
			{
				"name": "head",
				"pivot": [0, 18, 0],
				"cubes": [
					{"origin": [-4, 18, -4], "size": [8, 8, 8], "uv": [0, 0]}
				]
			},
			{
				"name": "blink",
				"parent": "head",
				"pivot": [0, 18, 0],
				"cubes": [
					{"origin": [-4, 18, -4.001], "size": [8, 8, 0], "uv": [24, 0]}
				]
			},
			{
				"name": "hat",
				"parent": "head",
				"pivot": [1, 19, 0],
				"rotation": [0, 0, -12.5],
				"cubes": [
					{"origin": [-4, 27, -3], "size": [5, 1, 5], "uv": [18, 16]}
				]
			},
			{
				"name": "fj",
				"parent": "head",
				"pivot": [0, 18, 0],
				"cubes": [
					{"origin": [4, 24, -2], "size": [1, 1, 1], "uv": [33, 19]}
				]
			},
			{
				"name": "bone24",
				"parent": "head",
				"pivot": [-2, 18, 0],
				"cubes": [
					{"origin": [-6, 25, -1], "size": [1, 1, 1], "uv": [12, 33]}
				]
			},
			{
				"name": "bone25",
				"parent": "head",
				"pivot": [0, 17, 1],
				"rotation": [12.5, 0, 0],
				"cubes": [
					{"origin": [-6, 22, 1], "size": [1, 3, 1], "uv": [18, 16]}
				]
			},
			{
				"name": "bone26",
				"parent": "head",
				"pivot": [0, 19, -4],
				"rotation": [-12.5, 0, 0],
				"cubes": [
					{"origin": [-6, 23, -3], "size": [1, 3, 1], "uv": [0, 16]}
				]
			},
			{
				"name": "hair",
				"parent": "head",
				"pivot": [0, 18, 0],
				"cubes": [
					{"origin": [-4, 16, 4], "size": [8, 2, 0], "uv": [34, 34]}
				]
			},
			{
				"name": "armRight",
				"pivot": [-2, 16.5, 0],
				"rotation": [0, 0, 25],
				"cubes": [
					{"origin": [-4.42262, 8.40631, -1], "size": [2, 8, 2], "uv": [41, 0]},
					{"origin": [-4.92262, 9.40631, -1.5], "size": [3, 5, 3], "uv": [36, 19]}
				]
			},
			{
				"name": "bone23",
				"parent": "armRight",
				"pivot": [-2.42262, 17.40631, 1],
				"rotation": [15, 0, 0],
				"cubes": [
					{"origin": [-4.92262, 4.40631, -0.5], "size": [3, 9, 2], "uv": [33, 8]}
				]
			},
			{
				"name": "armLeft",
				"pivot": [2, 16.5, 0],
				"rotation": [0, 0, -25],
				"cubes": [
					{"origin": [1.92262, 9.40631, -1.5], "size": [3, 5, 3], "uv": [12, 36]},
					{"origin": [2.42262, 8.40631, -1], "size": [2, 8, 2], "uv": [36, 36]}
				]
			},
			{
				"name": "bone22",
				"parent": "armLeft",
				"pivot": [2.42262, 14.40631, -2],
				"rotation": [15, 0, 0],
				"cubes": [
					{"origin": [1.92262, 3.40631, -0.5], "size": [3, 9, 2], "uv": [26, 34]}
				]
			},
			{
				"name": "body",
				"pivot": [0, 10.5, 0],
				"cubes": [
					{"origin": [-3, 8.999, -3], "size": [6, 9, 6], "uv": [0, 16]}
				]
			},
			{
				"name": "sittingRotationSkirt",
				"parent": "body",
				"pivot": [0, 10.5, 0]
			},
			{
				"name": "bone",
				"parent": "sittingRotationSkirt",
				"pivot": [0, 15.5, 0]
			},
			{
				"name": "bone2",
				"parent": "bone",
				"pivot": [0, 5, 0]
			},
			{
				"name": "bone3",
				"parent": "bone2",
				"pivot": [0, 5, 4.47051],
				"rotation": [10, 0, 0],
				"cubes": [
					{"origin": [-2.5, 4.65782, 4.47051], "size": [5, 7, 0], "uv": [10, 44]}
				]
			},
			{
				"name": "bone4",
				"parent": "bone3",
				"pivot": [-2.5, 4.65782, 4.47051],
				"rotation": [0, 0, 9.85108],
				"cubes": [
					{"origin": [-4.5, 4.65782, 4.46951], "size": [2, 7, 0], "uv": [32, 45]}
				]
			},
			{
				"name": "bone5",
				"parent": "bone3",
				"pivot": [2.5, 4.65782, 4.47051],
				"rotation": [0, 0, -9.85108],
				"cubes": [
					{"origin": [2.5, 4.65782, 4.47151], "size": [2, 7, 0], "uv": [28, 45]}
				]
			},
			{
				"name": "bone6",
				"parent": "bone",
				"pivot": [0, 5, 0],
				"rotation": [0, -90, 0]
			},
			{
				"name": "bone7",
				"parent": "bone6",
				"pivot": [0, 5, 4.47051],
				"rotation": [10, 0, 0],
				"cubes": [
					{"origin": [-2.5, 4.65782, 4.47051], "size": [5, 7, 0], "uv": [43, 10]}
				]
			},
			{
				"name": "bone8",
				"parent": "bone7",
				"pivot": [-2.5, 4.65782, 4.47051],
				"rotation": [0, 0, 9.85108],
				"cubes": [
					{"origin": [-4.5, 4.65782, 4.46951], "size": [2, 7, 0], "uv": [24, 45]}
				]
			},
			{
				"name": "bone9",
				"parent": "bone7",
				"pivot": [2.5, 4.65782, 4.47051],
				"rotation": [0, 0, -9.85108],
				"cubes": [
					{"origin": [2.5, 4.65782, 4.47151], "size": [2, 7, 0], "uv": [44, 43]}
				]
			},
			{
				"name": "bone10",
				"parent": "bone",
				"pivot": [0, 5, 0],
				"rotation": [0, -180, 0]
			},
			{
				"name": "bone11",
				"parent": "bone10",
				"pivot": [0, 5, 4.47051],
				"rotation": [10, 0, 0],
				"cubes": [
					{"origin": [-2.5, 4.65782, 4.47051], "size": [5, 7, 0], "uv": [0, 43]}
				]
			},
			{
				"name": "bone12",
				"parent": "bone11",
				"pivot": [-2.5, 4.65782, 4.47051],
				"rotation": [0, 0, 9.85108],
				"cubes": [
					{"origin": [-4.5, 4.65782, 4.46951], "size": [2, 7, 0], "uv": [44, 36]}
				]
			},
			{
				"name": "bone13",
				"parent": "bone11",
				"pivot": [2.5, 4.65782, 4.47051],
				"rotation": [0, 0, -9.85108],
				"cubes": [
					{"origin": [2.5, 4.65782, 4.47151], "size": [2, 7, 0], "uv": [20, 44]}
				]
			},
			{
				"name": "bone14",
				"parent": "bone",
				"pivot": [0, 5, 0],
				"rotation": [0, -270, 0]
			},
			{
				"name": "bone15",
				"parent": "bone14",
				"pivot": [0, 5, 4.47051],
				"rotation": [10, 0, 0],
				"cubes": [
					{"origin": [-2.5, 4.65782, 4.47051], "size": [5, 7, 0], "uv": [36, 27]}
				]
			},
			{
				"name": "bone16",
				"parent": "bone15",
				"pivot": [-2.5, 4.65782, 4.47051],
				"rotation": [0, 0, 9.85108],
				"cubes": [
					{"origin": [-4.5, 4.65782, 4.46951], "size": [2, 7, 0], "uv": [4, 0]}
				]
			},
			{
				"name": "bone17",
				"parent": "bone15",
				"pivot": [2.5, 4.65782, 4.47051],
				"rotation": [0, 0, -9.85108],
				"cubes": [
					{"origin": [2.5, 4.65782, 4.47151], "size": [2, 7, 0], "uv": [0, 0]}
				]
			},
			{
				"name": "hu",
				"parent": "body",
				"pivot": [0, 10.5, 0],
				"cubes": [
					{"origin": [-1, 16.5, -4], "size": [2, 1, 1], "uv": [0, 20]}
				]
			},
			{
				"name": "bone18",
				"parent": "hu",
				"pivot": [-1, 10.5, 0],
				"rotation": [0, 0, 7.5],
				"cubes": [
					{"origin": [-2, 14.5, -4], "size": [1, 2, 1], "uv": [21, 36]}
				]
			},
			{
				"name": "bone19",
				"parent": "hu",
				"pivot": [1, 10.5, 0],
				"rotation": [0, 0, -7.5],
				"cubes": [
					{"origin": [1, 14.5, -4], "size": [1, 2, 1], "uv": [9, 31]}
				]
			},
			{
				"name": "bone20",
				"parent": "hu",
				"pivot": [4, 12.5, 0],
				"rotation": [0, 0, -40],
				"cubes": [
					{"origin": [1, 18.5, -4], "size": [3, 1, 1], "uv": [45, 19]}
				]
			},
			{
				"name": "bone21",
				"parent": "hu",
				"pivot": [1, 13.5, 0],
				"rotation": [0, 0, 40],
				"cubes": [
					{"origin": [-2, 15.5, -4], "size": [3, 1, 1], "uv": [43, 17]}
				]
			},
			{
				"name": "legLeft",
				"pivot": [2, 9, 0],
				"cubes": [
					{"origin": [0.499, 0, -1.5], "size": [3, 9, 3], "uv": [0, 31]}
				]
			},
			{
				"name": "q",
				"parent": "legLeft",
				"pivot": [4, 5, -2],
				"cubes": [
					{"origin": [0, 5, -2], "size": [4, 1, 4], "uv": [12, 31]}
				]
			},
			{
				"name": "legRight",
				"pivot": [-2, 9, 0],
				"cubes": [
					{"origin": [-3.499, 0, -1.5], "size": [3, 9, 3], "uv": [24, 22]}
				]
			}
		]
	}
}