{
	"format_version": "1.10.0",
	"geometry.model": {
		"texturewidth": 64,
		"textureheight": 64,
		"visible_bounds_width": 3,
		"visible_bounds_height": 4,
		"visible_bounds_offset": [0, 1, 0],
		"bones": [
			{
				"name": "head",
				"pivot": [0, 18, 0],
				"cubes": [
					{"origin": [-4, 18, -4], "size": [8, 8, 8], "uv": [0, 0]}
				]
			},
			{
				"name": "blink",
				"parent": "head",
				"pivot": [0, 18, 0],
				"cubes": [
					{"origin": [-4, 18, -4.001], "size": [8, 8, 0], "uv": [24, 0]}
				]
			},
			{
				"name": "hair",
				"parent": "head",
				"pivot": [0, 18, 0],
				"cubes": [
					{"origin": [-4, 13, 4], "size": [8, 5, 0], "uv": [0, 31]}
				]
			},
			{
				"name": "rh",
				"parent": "head",
				"pivot": [4, 18, -4],
				"rotation": [0, -10, -15],
				"cubes": [
					{"origin": [5, 24, 4], "size": [5, 3, 1], "uv": [41, 32]}
				]
			},
			{
				"name": "c",
				"parent": "head",
				"pivot": [0, 18, 0],
				"cubes": [
					{"origin": [-2, 23, 4], "size": [4, 3, 1], "uv": [41, 36]}
				]
			},
			{
				"name": "lh",
				"parent": "head",
				"pivot": [-3, 18, 0],
				"rotation": [0, 10, 15],
				"cubes": [
					{"origin": [-9, 24, 4], "size": [5, 3, 1], "uv": [41, 7]}
				]
			},
			{
				"name": "rhx",
				"parent": "head",
				"pivot": [-5, 18, 0],
				"rotation": [0, 5, 55],
				"cubes": [
					{"origin": [-8, 18, 4], "size": [2, 6, 1], "uv": [28, 41]}
				]
			},
			{
				"name": "lhx",
				"parent": "head",
				"pivot": [7, 21, -4],
				"rotation": [0, -5, -55],
				"cubes": [
					{"origin": [5, 21, 4], "size": [2, 6, 1], "uv": [0, 0]}
				]
			},
			{
				"name": "lear2",
				"parent": "head",
				"pivot": [2.5, 26, -3.75],
				"rotation": [-3.07094, 1.0873, 4.70644],
				"cubes": [
					{"origin": [2.94949, 25.41421, -3.75], "size": [1, 3, 1], "uv": [44, 11]}
				]
			},
			{
				"name": "bone19",
				"parent": "lear2",
				"pivot": [4.94949, 24.41421, -3.75],
				"rotation": [0, 0, 22.5],
				"cubes": [
					{"origin": [0.94949, 24.41421, -3.75], "size": [1, 3, 1], "uv": [16, 31]}
				]
			},
			{
				"name": "lear3",
				"parent": "head",
				"pivot": [-2.5, 26, -3.75],
				"rotation": [-3.07094, -1.0873, -4.70644],
				"cubes": [
					{"origin": [-3.94949, 25.41421, -3.75], "size": [1, 3, 1], "uv": [44, 11], "mirror": true}
				]
			},
			{
				"name": "bone18",
				"parent": "lear3",
				"pivot": [-4.94949, 24.41421, -3.75],
				"rotation": [0, 0, -22.5],
				"cubes": [
					{"origin": [-1.94949, 24.41421, -3.75], "size": [1, 3, 1], "uv": [16, 31], "mirror": true}
				]
			},
			{
				"name": "armRight",
				"pivot": [-3, 17.5, 0],
				"rotation": [0, 0, 25],
				"cubes": [
					{"origin": [-5, 8.5, -1], "size": [2, 8, 2], "uv": [0, 36]},
					{"origin": [-5.5, 13.5, -1.5], "size": [3, 4, 3], "uv": [33, 25]}
				]
			},
			{
				"name": "armLeft",
				"pivot": [3, 17.5, 0],
				"rotation": [0, 0, -25],
				"cubes": [
					{"origin": [2.5, 13.5, -1.5], "size": [3, 4, 3], "uv": [32, 8]},
					{"origin": [3, 8.5, -1], "size": [2, 8, 2], "uv": [33, 32]}
				]
			},
			{
				"name": "body",
				"pivot": [0, 10.5, 0],
				"cubes": [
					{"origin": [-3, 8.999, -3], "size": [6, 9, 6], "uv": [0, 16]}
				]
			},
			{
				"name": "sittingRotationSkirt",
				"parent": "body",
				"pivot": [0, 10.5, 0]
			},
			{
				"name": "bone",
				"parent": "sittingRotationSkirt",
				"pivot": [0, 22.5, 0]
			},
			{
				"name": "bone2",
				"parent": "bone",
				"pivot": [0, 4, 0]
			},
			{
				"name": "bone3",
				"parent": "bone2",
				"pivot": [0, 4, 4.47051],
				"rotation": [10, 0, 0],
				"cubes": [
					{"origin": [-2.5, 3.65782, 4.47051], "size": [5, 7, 0], "uv": [18, 40]}
				]
			},
			{
				"name": "bone4",
				"parent": "bone3",
				"pivot": [-2.5, 3.65782, 4.47051],
				"rotation": [0, 0, 9.85108],
				"cubes": [
					{"origin": [-4.5, 3.65782, 4.46951], "size": [2, 7, 0], "uv": [4, 46]}
				]
			},
			{
				"name": "bone5",
				"parent": "bone3",
				"pivot": [2.5, 3.65782, 4.47051],
				"rotation": [0, 0, -9.85108],
				"cubes": [
					{"origin": [2.5, 3.65782, 4.47151], "size": [2, 7, 0], "uv": [0, 46]}
				]
			},
			{
				"name": "bone6",
				"parent": "bone",
				"pivot": [0, 4, 0],
				"rotation": [0, -90, 0]
			},
			{
				"name": "bone7",
				"parent": "bone6",
				"pivot": [0, 4, 4.47051],
				"rotation": [10, 0, 0],
				"cubes": [
					{"origin": [-2.5, 3.65782, 4.47051], "size": [5, 7, 0], "uv": [40, 0]}
				]
			},
			{
				"name": "bone8",
				"parent": "bone7",
				"pivot": [-2.5, 3.65782, 4.47051],
				"rotation": [0, 0, 9.85108],
				"cubes": [
					{"origin": [-4.5, 3.65782, 4.46951], "size": [2, 7, 0], "uv": [45, 40]}
				]
			},
			{
				"name": "bone9",
				"parent": "bone7",
				"pivot": [2.5, 3.65782, 4.47051],
				"rotation": [0, 0, -9.85108],
				"cubes": [
					{"origin": [2.5, 3.65782, 4.47151], "size": [2, 7, 0], "uv": [45, 22]}
				]
			},
			{
				"name": "bone10",
				"parent": "bone",
				"pivot": [0, 4, 0],
				"rotation": [0, -180, 0]
			},
			{
				"name": "bone11",
				"parent": "bone10",
				"pivot": [0, 4, 4.47051],
				"rotation": [10, 0, 0],
				"cubes": [
					{"origin": [-2.5, 3.65782, 4.47051], "size": [5, 7, 0], "uv": [36, 15]}
				]
			},
			{
				"name": "bone12",
				"parent": "bone11",
				"pivot": [-2.5, 3.65782, 4.47051],
				"rotation": [0, 0, 9.85108],
				"cubes": [
					{"origin": [-4.5, 3.65782, 4.46951], "size": [2, 7, 0], "uv": [12, 43]}
				]
			},
			{
				"name": "bone13",
				"parent": "bone11",
				"pivot": [2.5, 3.65782, 4.47051],
				"rotation": [0, 0, -9.85108],
				"cubes": [
					{"origin": [2.5, 3.65782, 4.47151], "size": [2, 7, 0], "uv": [8, 43]}
				]
			},
			{
				"name": "bone14",
				"parent": "bone",
				"pivot": [0, 4, 0],
				"rotation": [0, -270, 0]
			},
			{
				"name": "bone15",
				"parent": "bone14",
				"pivot": [0, 4, 4.47051],
				"rotation": [10, 0, 0],
				"cubes": [
					{"origin": [-2.5, 3.65782, 4.47051], "size": [5, 7, 0], "uv": [8, 36]}
				]
			},
			{
				"name": "bone16",
				"parent": "bone15",
				"pivot": [-2.5, 3.65782, 4.47051],
				"rotation": [0, 0, 9.85108],
				"cubes": [
					{"origin": [-4.5, 3.65782, 4.46951], "size": [2, 7, 0], "uv": [34, 42]}
				]
			},
			{
				"name": "bone17",
				"parent": "bone15",
				"pivot": [2.5, 3.65782, 4.47051],
				"rotation": [0, 0, -9.85108],
				"cubes": [
					{"origin": [2.5, 3.65782, 4.47151], "size": [2, 7, 0], "uv": [41, 40]}
				]
			},
			{
				"name": "legLeft",
				"pivot": [2, 9, 0],
				"cubes": [
					{"origin": [0.499, 0, -1.5], "size": [3, 9, 3], "uv": [21, 28]}
				]
			},
			{
				"name": "legRight",
				"pivot": [-2, 9, 0],
				"cubes": [
					{"origin": [-3.499, 0, -1.5], "size": [3, 9, 3], "uv": [24, 16]}
				]
			}
		]
	}
}