{
	"format_version": "1.10.0",
	"geometry.model": {
		"texturewidth": 64,
		"textureheight": 64,
		"visible_bounds_width": 3,
		"visible_bounds_height": 4,
		"visible_bounds_offset": [0, 1, 0],
		"bones": [
			{
				"name": "head",
				"pivot": [0, 18, 0],
				"cubes": [
					{"origin": [-4, 18, -4], "size": [8, 8, 8], "uv": [0, 0]}
				]
			},
			{
				"name": "blink",
				"parent": "head",
				"pivot": [0, 18, 0],
				"cubes": [
					{"origin": [-4, 18, -4.001], "size": [8, 8, 0], "uv": [12, 32]}
				]
			},
			{
				"name": "lear",
				"parent": "head",
				"pivot": [1, 19, 0],
				"rotation": [0, 0, -10],
				"cubes": [
					{"origin": [-5, 25, -3], "size": [3, 1, 2], "uv": [43, 36]}
				]
			},
			{
				"name": "rear",
				"parent": "head",
				"pivot": [-1, 19, 0],
				"rotation": [0, 0, 10],
				"cubes": [
					{"origin": [2, 25, -3], "size": [3, 1, 2], "uv": [43, 33]}
				]
			},
			{
				"name": "yizhiqi",
				"parent": "head",
				"pivot": [-1, 21, 0],
				"rotation": [0, 0, 17.5],
				"cubes": [
					{"origin": [0, 30, -3], "size": [6, 1, 6], "uv": [24, 0]},
					{"origin": [-2, 30, 4], "size": [10, 1, 1], "uv": [26, 28]},
					{"origin": [-2, 30, -5], "size": [10, 1, 1], "uv": [26, 26]},
					{"origin": [7, 30, -4], "size": [1, 1, 8], "uv": [24, 8]},
					{"origin": [-2, 30, -4], "size": [1, 1, 8], "uv": [16, 23]}
				]
			},
			{
				"name": "sinFloat",
				"parent": "yizhiqi",
				"pivot": [3, 31, 0]
			},
			{
				"name": "hair",
				"parent": "head",
				"pivot": [0, 17, 0],
				"rotation": [17.5, 0, 0],
				"cubes": [
					{"origin": [-4, 12, 4], "size": [8, 5, 0], "uv": [34, 7]}
				]
			},
			{
				"name": "armRight",
				"pivot": [-3, 17.5, 0],
				"rotation": [0, 0, 25],
				"cubes": [
					{"origin": [-5, 8.5, -1], "size": [2, 8, 2], "uv": [42, 12]},
					{"origin": [-5.5, 9.5, -1.5], "size": [3, 8, 3], "uv": [21, 40]}
				]
			},
			{
				"name": "armLeft",
				"pivot": [3, 17.5, 0],
				"rotation": [0, 0, -25],
				"cubes": [
					{"origin": [2.5, 9.5, -1.5], "size": [3, 8, 3], "uv": [9, 40]},
					{"origin": [3, 8.5, -1], "size": [2, 8, 2], "uv": [41, 40]}
				]
			},
			{
				"name": "body",
				"pivot": [0, 10.5, 0],
				"cubes": [
					{"origin": [-3, 8.999, -3], "size": [6, 9, 6], "uv": [0, 16]}
				]
			},
			{
				"name": "sittingRotationSkirt",
				"parent": "body",
				"pivot": [0, 10.5, 0]
			},
			{
				"name": "bone",
				"parent": "sittingRotationSkirt",
				"pivot": [0, 15.5, 0]
			},
			{
				"name": "bone2",
				"parent": "bone",
				"pivot": [0, 5, 0]
			},
			{
				"name": "bone3",
				"parent": "bone2",
				"pivot": [0, 5, 3.97051],
				"rotation": [10, 0, 0],
				"cubes": [
					{"origin": [-2, 4.65782, 3.97051], "size": [4, 6, 0], "uv": [0, 43]}
				]
			},
			{
				"name": "bone4",
				"parent": "bone3",
				"pivot": [-2, 4.65782, 3.97051],
				"rotation": [0, 0, 9.85108],
				"cubes": [
					{"origin": [-4, 4.65782, 3.96951], "size": [2, 6, 0], "uv": [0, 49]}
				]
			},
			{
				"name": "bone5",
				"parent": "bone3",
				"pivot": [2, 4.65782, 3.97051],
				"rotation": [0, 0, -9.85108],
				"cubes": [
					{"origin": [2, 4.65782, 3.97151], "size": [2, 6, 0], "uv": [37, 48]}
				]
			},
			{
				"name": "bone6",
				"parent": "bone",
				"pivot": [0, 5, 0],
				"rotation": [0, -90, 0]
			},
			{
				"name": "bone7",
				"parent": "bone6",
				"pivot": [0, 5, 3.97051],
				"rotation": [10, 0, 0],
				"cubes": [
					{"origin": [-2, 4.65782, 3.97051], "size": [4, 6, 0], "uv": [33, 42]}
				]
			},
			{
				"name": "bone8",
				"parent": "bone7",
				"pivot": [-2, 4.65782, 3.97051],
				"rotation": [0, 0, 9.85108],
				"cubes": [
					{"origin": [-4, 4.65782, 3.96951], "size": [2, 6, 0], "uv": [33, 48]}
				]
			},
			{
				"name": "bone9",
				"parent": "bone7",
				"pivot": [2, 4.65782, 3.97051],
				"rotation": [0, 0, -9.85108],
				"cubes": [
					{"origin": [2, 4.65782, 3.97151], "size": [2, 6, 0], "uv": [48, 22]}
				]
			},
			{
				"name": "bone10",
				"parent": "bone",
				"pivot": [0, 5, 0],
				"rotation": [0, -180, 0]
			},
			{
				"name": "bone11",
				"parent": "bone10",
				"pivot": [0, 5, 3.97051],
				"rotation": [10, 0, 0],
				"cubes": [
					{"origin": [-2, 4.65782, 3.97051], "size": [4, 6, 0], "uv": [42, 0]}
				]
			},
			{
				"name": "bone12",
				"parent": "bone11",
				"pivot": [-2, 4.65782, 3.97051],
				"rotation": [0, 0, 9.85108],
				"cubes": [
					{"origin": [-4, 6.65782, 3.96951], "size": [2, 4, 0], "uv": [34, 12]}
				]
			},
			{
				"name": "bone13",
				"parent": "bone11",
				"pivot": [2, 4.65782, 3.97051],
				"rotation": [0, 0, -9.85108],
				"cubes": [
					{"origin": [2, 4.65782, 3.97151], "size": [2, 6, 0], "uv": [37, 17]}
				]
			},
			{
				"name": "bone14",
				"parent": "bone",
				"pivot": [0, 5, 0],
				"rotation": [0, -270, 0]
			},
			{
				"name": "bone15",
				"parent": "bone14",
				"pivot": [0, 5, 3.97051],
				"rotation": [10, 0, 0],
				"cubes": [
					{"origin": [-2, 4.65782, 3.97051], "size": [4, 6, 0], "uv": [0, 0]}
				]
			},
			{
				"name": "bone16",
				"parent": "bone15",
				"pivot": [-2, 4.65782, 3.97051],
				"rotation": [0, 0, 9.85108],
				"cubes": [
					{"origin": [-4, 4.65782, 3.96951], "size": [2, 6, 0], "uv": [28, 17]}
				]
			},
			{
				"name": "bone17",
				"parent": "bone15",
				"pivot": [2, 4.65782, 3.97051],
				"rotation": [0, 0, -9.85108],
				"cubes": [
					{"origin": [2, 4.65782, 3.97151], "size": [2, 6, 0], "uv": [24, 0]}
				]
			},
			{
				"name": "mz",
				"parent": "body",
				"pivot": [0, 10.5, 0],
				"cubes": [
					{"origin": [-2, 15.5, -4], "size": [4, 2, 1], "uv": [40, 30]}
				]
			},
			{
				"name": "bone18",
				"parent": "mz",
				"pivot": [1, 10.5, 0],
				"rotation": [0, 10, 0],
				"cubes": [
					{"origin": [-1, 15.5, -5], "size": [1, 1, 1], "uv": [4, 6]}
				]
			},
			{
				"name": "bone19",
				"parent": "mz",
				"pivot": [-1, 10.5, 0],
				"rotation": [0, -10, 0],
				"cubes": [
					{"origin": [0, 15.5, -5], "size": [1, 1, 1], "uv": [0, 6]}
				]
			},
			{
				"name": "djq",
				"parent": "body",
				"pivot": [0, 10.5, -6],
				"cubes": [
					{"origin": [-4, 8.5, -3], "size": [1, 3, 2], "uv": [0, 16]},
					{"origin": [-4, 11.5, -3], "size": [1, 2, 1], "uv": [38, 12]}
				]
			},
			{
				"name": "legLeft",
				"pivot": [2, 9, 0],
				"cubes": [
					{"origin": [0.499, 0, -1.5], "size": [3, 9, 3], "uv": [31, 30]}
				]
			},
			{
				"name": "legRight",
				"pivot": [-2, 9, 0],
				"cubes": [
					{"origin": [-3.499, 0, -1.5], "size": [3, 9, 3], "uv": [0, 31]}
				]
			},
			{
				"name": "tail",
				"pivot": [0, 8.5, 2.75],
				"rotation": [20, 0, 0],
				"cubes": [
					{"origin": [-1, 7.60263, 2.75361], "size": [2, 2, 7], "uv": [26, 17]}
				]
			},
			{
				"name": "bone20",
				"parent": "tail",
				"pivot": [0, -0.39737, -0.24639],
				"cubes": [
					{"origin": [-2, 6.60263, 6.75361], "size": [4, 4, 1], "uv": [18, 17]}
				]
			}
		]
	}
}