{
	"format_version": "1.10.0",
	"geometry.model": {
		"texturewidth": 64,
		"textureheight": 64,
		"visible_bounds_width": 3,
		"visible_bounds_height": 4,
		"visible_bounds_offset": [0, 1, 0],
		"bones": [
			{
				"name": "head",
				"pivot": [0, 18, 0],
				"cubes": [
					{"origin": [-4, 18, -4], "size": [8, 8, 8], "uv": [0, 0]}
				]
			},
			{
				"name": "blink",
				"parent": "head",
				"pivot": [0, 18, 0],
				"cubes": [
					{"origin": [-4, 18, -4.001], "size": [8, 8, 0], "uv": [24, 0]}
				]
			},
			{
				"name": "hair",
				"parent": "head",
				"pivot": [0, 18, 0]
			},
			{
				"name": "bone19",
				"parent": "hair",
				"pivot": [1, 18, 0],
				"rotation": [20, 0, 0],
				"cubes": [
					{"origin": [-1, 13, 4], "size": [2, 7, 1], "uv": [0, 0]}
				]
			},
			{
				"name": "armRight",
				"pivot": [-3, 17.5, 0],
				"rotation": [0, 0, 25],
				"cubes": [
					{"origin": [-5, 8.5, -1], "size": [2, 8, 2], "uv": [33, 28]},
					{"origin": [-5.5, 9.5, -1.5], "size": [3, 8, 3], "uv": [33, 8]}
				]
			},
			{
				"name": "armLeft",
				"pivot": [3, 17.5, 0],
				"rotation": [0, 0, -25],
				"cubes": [
					{"origin": [2.5, 9.5, -1.5], "size": [3, 8, 3], "uv": [0, 31]},
					{"origin": [3, 8.5, -1], "size": [2, 8, 2], "uv": [12, 31]}
				]
			},
			{
				"name": "body",
				"pivot": [0, 10.5, 0],
				"cubes": [
					{"origin": [-3, 8.999, -3], "size": [6, 9, 6], "uv": [0, 16]}
				]
			},
			{
				"name": "pd",
				"parent": "body",
				"pivot": [0, 0, 0]
			},
			{
				"name": "bone17",
				"parent": "pd",
				"pivot": [-2, -6, 5],
				"rotation": [15, 0, 10],
				"cubes": [
					{"origin": [-6, 2, 8], "size": [2, 13, 0], "uv": [37, 38]}
				]
			},
			{
				"name": "bone18",
				"parent": "pd",
				"pivot": [2, -8, 0],
				"rotation": [15, 0, -10],
				"cubes": [
					{"origin": [4, 0, 8], "size": [2, 13, 0], "uv": [33, 38]}
				]
			},
			{
				"name": "sittingRotationSkirt",
				"parent": "body",
				"pivot": [0, 10.5, 0]
			},
			{
				"name": "sittingRotationSkirt2",
				"parent": "sittingRotationSkirt",
				"pivot": [0, 16.5, 0]
			},
			{
				"name": "bone",
				"parent": "sittingRotationSkirt2",
				"pivot": [0, 6, 0]
			},
			{
				"name": "bone2",
				"parent": "bone",
				"pivot": [0, 6, 3.98091],
				"rotation": [8, 0, 0],
				"cubes": [
					{"origin": [-2, 5.72431, 3.98091], "size": [4, 6, 0], "uv": [12, 41]}
				]
			},
			{
				"name": "bone3",
				"parent": "bone2",
				"pivot": [-2, 5.72431, 3.98091],
				"rotation": [0, 0, 7.92314],
				"cubes": [
					{"origin": [-4, 5.72431, 3.97991], "size": [2, 6, 0], "uv": [4, 42]}
				]
			},
			{
				"name": "bone4",
				"parent": "bone2",
				"pivot": [2, 5.72431, 3.98091],
				"rotation": [0, 0, -7.92314],
				"cubes": [
					{"origin": [2, 5.72431, 3.98191], "size": [2, 6, 0], "uv": [0, 42]}
				]
			},
			{
				"name": "bone5",
				"parent": "sittingRotationSkirt2",
				"pivot": [0, 6, 0],
				"rotation": [0, -90, 0]
			},
			{
				"name": "bone6",
				"parent": "bone5",
				"pivot": [0, 6, 3.98091],
				"rotation": [8, 0, 0],
				"cubes": [
					{"origin": [-2, 5.72431, 3.98091], "size": [4, 6, 0], "uv": [20, 40]}
				]
			},
			{
				"name": "bone7",
				"parent": "bone6",
				"pivot": [-2, 5.72431, 3.98091],
				"rotation": [0, 0, 7.92314],
				"cubes": [
					{"origin": [-4, 5.72431, 3.97991], "size": [2, 6, 0], "uv": [41, 37]}
				]
			},
			{
				"name": "bone8",
				"parent": "bone6",
				"pivot": [2, 5.72431, 3.98091],
				"rotation": [0, 0, -7.92314],
				"cubes": [
					{"origin": [2, 5.72431, 3.98191], "size": [2, 6, 0], "uv": [41, 31]}
				]
			},
			{
				"name": "bone9",
				"parent": "sittingRotationSkirt2",
				"pivot": [0, 6, 0],
				"rotation": [0, -180, 0]
			},
			{
				"name": "bone10",
				"parent": "bone9",
				"pivot": [0, 6, 3.98091],
				"rotation": [8, 0, 0],
				"cubes": [
					{"origin": [-2, 5.72431, 3.98091], "size": [4, 6, 0], "uv": [40, 0]}
				]
			},
			{
				"name": "bone11",
				"parent": "bone10",
				"pivot": [-2, 5.72431, 3.98091],
				"rotation": [0, 0, 7.92314],
				"cubes": [
					{"origin": [-4, 5.72431, 3.97991], "size": [2, 6, 0], "uv": [41, 25]}
				]
			},
			{
				"name": "bone12",
				"parent": "bone10",
				"pivot": [2, 5.72431, 3.98091],
				"rotation": [0, 0, -7.92314],
				"cubes": [
					{"origin": [2, 5.72431, 3.98191], "size": [2, 6, 0], "uv": [28, 40]}
				]
			},
			{
				"name": "bone13",
				"parent": "sittingRotationSkirt2",
				"pivot": [0, 6, 0],
				"rotation": [0, -270, 0]
			},
			{
				"name": "bone14",
				"parent": "bone13",
				"pivot": [0, 6, 3.98091],
				"rotation": [8, 0, 0],
				"cubes": [
					{"origin": [-2, 5.72431, 3.98091], "size": [4, 6, 0], "uv": [36, 19]}
				]
			},
			{
				"name": "bone15",
				"parent": "bone14",
				"pivot": [-2, 5.72431, 3.98091],
				"rotation": [0, 0, 7.92314],
				"cubes": [
					{"origin": [-4, 5.72431, 3.97991], "size": [2, 6, 0], "uv": [18, 16]}
				]
			},
			{
				"name": "bone16",
				"parent": "bone14",
				"pivot": [2, 5.72431, 3.98091],
				"rotation": [0, 0, -7.92314],
				"cubes": [
					{"origin": [2, 5.72431, 3.98191], "size": [2, 6, 0], "uv": [0, 16]}
				]
			},
			{
				"name": "legLeft",
				"pivot": [2, 9, 0],
				"cubes": [
					{"origin": [0.499, 0, -1.5], "size": [3, 9, 3], "uv": [21, 28]}
				]
			},
			{
				"name": "legRight",
				"pivot": [-2, 9, 0],
				"cubes": [
					{"origin": [-3.499, 0, -1.5], "size": [3, 9, 3], "uv": [24, 16]}
				]
			}
		]
	}
}