{
	"format_version": "1.10.0",
	"geometry.model": {
		"texturewidth": 64,
		"textureheight": 64,
		"visible_bounds_width": 3,
		"visible_bounds_height": 4,
		"visible_bounds_offset": [0, 1, 0],
		"bones": [
			{
				"name": "head",
				"pivot": [0, 18, 0],
				"cubes": [
					{"origin": [-4, 18, -4], "size": [8, 8, 8], "uv": [0, 0]}
				]
			},
			{
				"name": "blink",
				"parent": "head",
				"pivot": [0, 18, 0],
				"cubes": [
					{"origin": [-4, 18, -4.001], "size": [8, 8, 0], "uv": [24, 0]}
				]
			},
			{
				"name": "hair",
				"parent": "head",
				"pivot": [0, 18, 0],
				"cubes": [
					{"origin": [-4, 9, 4], "size": [8, 9, 0], "uv": [24, 16]}
				]
			},
			{
				"name": "lear",
				"parent": "head",
				"pivot": [-1, 18, 0],
				"rotation": [0, 0, 10],
				"cubes": [
					{"origin": [-6, 16, -3], "size": [1, 8, 3], "uv": [33, 34]}
				]
			},
			{
				"name": "rear",
				"parent": "head",
				"pivot": [1, 17, 0],
				"rotation": [0, 0, -10],
				"cubes": [
					{"origin": [5, 16, -3], "size": [1, 8, 3], "uv": [12, 31]}
				]
			},
			{
				"name": "ling",
				"parent": "head",
				"pivot": [0, 18, 0],
				"cubes": [
					{"origin": [-5, 24, -2], "size": [1, 1, 1], "uv": [44, 44]},
					{"origin": [4, 24, -2], "size": [1, 1, 1], "uv": [36, 32]}
				]
			},
			{
				"name": "lhu",
				"parent": "head",
				"pivot": [0, 18, 0]
			},
			{
				"name": "bone17",
				"parent": "lhu",
				"pivot": [0, 18, 0],
				"cubes": [
					{"origin": [-6, 24, -2], "size": [1, 1, 1], "uv": [4, 6]}
				]
			},
			{
				"name": "bone18",
				"parent": "lhu",
				"pivot": [0, 19, 1],
				"rotation": [12.5, 0, 0],
				"cubes": [
					{"origin": [-6, 25, 0], "size": [1, 1, 2], "uv": [28, 43]}
				]
			},
			{
				"name": "bone19",
				"parent": "lhu",
				"pivot": [-5, 25, -4],
				"rotation": [-12.5, 0, 0],
				"cubes": [
					{"origin": [-6, 25, -4], "size": [1, 1, 2], "uv": [41, 6]}
				]
			},
			{
				"name": "bone20",
				"parent": "lhu",
				"pivot": [0, 19, 1],
				"rotation": [12.5, 0, 0],
				"cubes": [
					{"origin": [-6, 23, 0], "size": [1, 2, 1], "uv": [40, 44]}
				]
			},
			{
				"name": "bone21",
				"parent": "lhu",
				"pivot": [0, 18, -1],
				"rotation": [-12.5, 0, 0],
				"cubes": [
					{"origin": [-6, 22, -4], "size": [1, 2, 1], "uv": [44, 12]}
				]
			},
			{
				"name": "rhu",
				"parent": "head",
				"pivot": [0, 18, 0]
			},
			{
				"name": "bone22",
				"parent": "rhu",
				"pivot": [0, 18, 0],
				"cubes": [
					{"origin": [5, 24, -2], "size": [1, 1, 1], "uv": [0, 6]}
				]
			},
			{
				"name": "bone23",
				"parent": "rhu",
				"pivot": [0, 18, -1],
				"rotation": [-12.5, 0, 0],
				"cubes": [
					{"origin": [5, 24, -5], "size": [1, 1, 2], "uv": [33, 25]}
				]
			},
			{
				"name": "bone24",
				"parent": "rhu",
				"pivot": [6, 24, -1],
				"rotation": [20, 0, 0],
				"cubes": [
					{"origin": [5, 24, -1], "size": [1, 1, 2], "uv": [9, 31]}
				]
			},
			{
				"name": "bone25",
				"parent": "rhu",
				"pivot": [0, 18, -1],
				"rotation": [-12.5, 0, 0],
				"cubes": [
					{"origin": [5, 22, -4], "size": [1, 2, 1], "uv": [44, 9]}
				]
			},
			{
				"name": "bone26",
				"parent": "rhu",
				"pivot": [0, 19, 1],
				"rotation": [12.5, 0, 0],
				"cubes": [
					{"origin": [5, 23, 0], "size": [1, 2, 1], "uv": [8, 43]}
				]
			},
			{
				"name": "armRight",
				"pivot": [-3, 17.5, 0],
				"rotation": [0, 0, 25],
				"cubes": [
					{"origin": [-5, 8.5, -1], "size": [2, 8, 2], "uv": [40, 15]},
					{"origin": [-5.5, 13.5, -1.5], "size": [3, 4, 3], "uv": [36, 25]}
				]
			},
			{
				"name": "armLeft",
				"pivot": [3, 17.5, 0],
				"rotation": [0, 0, -25],
				"cubes": [
					{"origin": [2.5, 13.5, -1.5], "size": [3, 4, 3], "uv": [32, 8]},
					{"origin": [3, 8.5, -1], "size": [2, 8, 2], "uv": [20, 37]}
				]
			},
			{
				"name": "body",
				"pivot": [0, 10.5, 0],
				"cubes": [
					{"origin": [-3, 8.999, -3], "size": [6, 9, 6], "uv": [0, 16]}
				]
			},
			{
				"name": "sittingRotationSkirt",
				"parent": "body",
				"pivot": [0, 10.5, 0]
			},
			{
				"name": "sittingRotationSkirt2",
				"parent": "sittingRotationSkirt",
				"pivot": [0, 16.5, 0]
			},
			{
				"name": "bone",
				"parent": "sittingRotationSkirt2",
				"pivot": [0, 6, 0]
			},
			{
				"name": "bone2",
				"parent": "bone",
				"pivot": [0, 6, 3.98091],
				"rotation": [8, 0, 0],
				"cubes": [
					{"origin": [-2, 5.72431, 3.98091], "size": [4, 6, 0], "uv": [41, 38]}
				]
			},
			{
				"name": "bone3",
				"parent": "bone2",
				"pivot": [-2, 5.72431, 3.98091],
				"rotation": [0, 0, 7.92314],
				"cubes": [
					{"origin": [-4, 5.72431, 3.97991], "size": [2, 6, 0], "uv": [4, 43]}
				]
			},
			{
				"name": "bone4",
				"parent": "bone2",
				"pivot": [2, 5.72431, 3.98091],
				"rotation": [0, 0, -7.92314],
				"cubes": [
					{"origin": [2, 5.72431, 3.98191], "size": [2, 6, 0], "uv": [0, 43]}
				]
			},
			{
				"name": "bone5",
				"parent": "sittingRotationSkirt2",
				"pivot": [0, 6, 0],
				"rotation": [0, -90, 0]
			},
			{
				"name": "bone6",
				"parent": "bone5",
				"pivot": [0, 6, 3.98091],
				"rotation": [8, 0, 0],
				"cubes": [
					{"origin": [-2, 5.72431, 3.98091], "size": [4, 6, 0], "uv": [41, 32]}
				]
			},
			{
				"name": "bone7",
				"parent": "bone6",
				"pivot": [-2, 5.72431, 3.98091],
				"rotation": [0, 0, 7.92314],
				"cubes": [
					{"origin": [-4, 5.72431, 3.97991], "size": [2, 6, 0], "uv": [16, 42]}
				]
			},
			{
				"name": "bone8",
				"parent": "bone6",
				"pivot": [2, 5.72431, 3.98091],
				"rotation": [0, 0, -7.92314],
				"cubes": [
					{"origin": [2, 5.72431, 3.98191], "size": [2, 6, 0], "uv": [12, 42]}
				]
			},
			{
				"name": "bone9",
				"parent": "sittingRotationSkirt2",
				"pivot": [0, 6, 0],
				"rotation": [0, -180, 0]
			},
			{
				"name": "bone10",
				"parent": "bone9",
				"pivot": [0, 6, 3.98091],
				"rotation": [8, 0, 0],
				"cubes": [
					{"origin": [-2, 5.72431, 3.98091], "size": [4, 6, 0], "uv": [40, 0]}
				]
			},
			{
				"name": "bone11",
				"parent": "bone10",
				"pivot": [-2, 5.72431, 3.98091],
				"rotation": [0, 0, 7.92314],
				"cubes": [
					{"origin": [-4, 5.72431, 3.97991], "size": [2, 6, 0], "uv": [28, 37]}
				]
			},
			{
				"name": "bone12",
				"parent": "bone10",
				"pivot": [2, 5.72431, 3.98091],
				"rotation": [0, 0, -7.92314],
				"cubes": [
					{"origin": [2, 5.72431, 3.98191], "size": [2, 6, 0], "uv": [20, 31]}
				]
			},
			{
				"name": "bone13",
				"parent": "sittingRotationSkirt2",
				"pivot": [0, 6, 0],
				"rotation": [0, -270, 0]
			},
			{
				"name": "bone14",
				"parent": "bone13",
				"pivot": [0, 6, 3.98091],
				"rotation": [8, 0, 0],
				"cubes": [
					{"origin": [-2, 5.72431, 3.98091], "size": [4, 6, 0], "uv": [0, 0]}
				]
			},
			{
				"name": "bone15",
				"parent": "bone14",
				"pivot": [-2, 5.72431, 3.98091],
				"rotation": [0, 0, 7.92314],
				"cubes": [
					{"origin": [-4, 5.72431, 3.97991], "size": [2, 6, 0], "uv": [18, 16]}
				]
			},
			{
				"name": "bone16",
				"parent": "bone14",
				"pivot": [2, 5.72431, 3.98091],
				"rotation": [0, 0, -7.92314],
				"cubes": [
					{"origin": [2, 5.72431, 3.98191], "size": [2, 6, 0], "uv": [0, 16]}
				]
			},
			{
				"name": "legLeft",
				"pivot": [1.75, 9, 0],
				"cubes": [
					{"origin": [0.249, 0, -1.5], "size": [3, 9, 3], "uv": [0, 31]}
				]
			},
			{
				"name": "legRight",
				"pivot": [-1.75, 9, 0],
				"cubes": [
					{"origin": [-3.249, 0, -1.5], "size": [3, 9, 3], "uv": [24, 25]}
				]
			}
		]
	}
}