{
	"format_version": "1.10.0",
	"geometry.model": {
		"texturewidth": 64,
		"textureheight": 64,
		"visible_bounds_width": 3,
		"visible_bounds_height": 4,
		"visible_bounds_offset": [0, 1, 0],
		"bones": [
			{
				"name": "head",
				"pivot": [0, 18, 0],
				"cubes": [
					{"origin": [-4, 18, -4], "size": [8, 8, 8], "uv": [0, 0]}
				]
			},
			{
				"name": "blink",
				"parent": "head",
				"pivot": [0, 18, 0],
				"cubes": [
					{"origin": [-4, 18, -4.001], "size": [8, 8, 0], "uv": [24, 0]}
				]
			},
			{
				"name": "hair",
				"parent": "head",
				"pivot": [-19, 18, 0],
				"cubes": [
					{"origin": [-4, 17, 4], "size": [8, 9, 1], "uv": [24, 16]},
					{"origin": [-4, 15, 5], "size": [8, 2, 0], "uv": [33, 26]},
					{"origin": [-4, 15, 5], "size": [8, 2, 0], "uv": [32, 13]},
					{"origin": [-4, 12, 5], "size": [8, 5, 0], "uv": [32, 8]}
				]
			},
			{
				"name": "lh",
				"parent": "hair",
				"pivot": [-5.33333, 20.33333, -2.5],
				"rotation": [0, 0, 10],
				"cubes": [
					{"origin": [-5, 23, -3], "size": [1, 1, 1], "uv": [9, 31]},
					{"origin": [-6, 19, -3], "size": [1, 5, 1], "uv": [18, 16]},
					{"origin": [-7, 13, -3], "size": [2, 6, 1], "uv": [20, 42]}
				]
			},
			{
				"name": "rh",
				"parent": "hair",
				"pivot": [-18, 14, 0],
				"rotation": [0, 0, -10],
				"cubes": [
					{"origin": [5, 19, -3], "size": [1, 1, 1], "uv": [4, 6]},
					{"origin": [6, 15, -3], "size": [1, 5, 1], "uv": [0, 16]},
					{"origin": [6, 9, -3], "size": [2, 6, 1], "uv": [42, 15]}
				]
			},
			{
				"name": "hdj",
				"parent": "head",
				"pivot": [0, 22, -4],
				"cubes": [
					{"origin": [-5, 26, -4], "size": [1, 1, 1], "uv": [0, 6]},
					{"origin": [-7, 24, -4], "size": [2, 2, 1], "uv": [42, 22]},
					{"origin": [-4, 27, -4], "size": [2, 2, 1], "uv": [26, 38]}
				]
			},
			{
				"name": "armRight",
				"pivot": [-2.5, 16.25, 0],
				"rotation": [0, 0, 25],
				"cubes": [
					{"origin": [-4.48143, 8.17158, -1], "size": [2, 8, 2], "uv": [36, 28]},
					{"origin": [-4.98143, 13.17158, -1.5], "size": [3, 1, 3], "uv": [29, 38]}
				]
			},
			{
				"name": "armLeft",
				"pivot": [2.5, 16.25, 0],
				"rotation": [0, 0, -25],
				"cubes": [
					{"origin": [1.98143, 13.17158, -1.5], "size": [3, 1, 3], "uv": [17, 38]},
					{"origin": [2.48143, 8.17158, -1], "size": [2, 8, 2], "uv": [12, 31]}
				]
			},
			{
				"name": "body",
				"pivot": [0, 10.5, 0]
			},
			{
				"name": "bone",
				"parent": "body",
				"pivot": [0, 0, 0],
				"cubes": [
					{"origin": [-3, 8.999, -3], "size": [6, 9, 6], "uv": [0, 16]}
				]
			},
			{
				"name": "sittingRotationSkirt",
				"parent": "body",
				"pivot": [0, 10.5, 0]
			},
			{
				"name": "sittingRotationSkirt2",
				"parent": "sittingRotationSkirt",
				"pivot": [0, 16.5, 0]
			},
			{
				"name": "bone2",
				"parent": "sittingRotationSkirt2",
				"pivot": [0, 6, 0]
			},
			{
				"name": "bone3",
				"parent": "bone2",
				"pivot": [0, 6, 3.98091],
				"rotation": [8, 0, 0],
				"cubes": [
					{"origin": [-2, 5.72431, 3.98091], "size": [4, 6, 0], "uv": [12, 42]}
				]
			},
			{
				"name": "bone4",
				"parent": "bone3",
				"pivot": [-2, 5.72431, 3.98091],
				"rotation": [0, 0, 7.92314],
				"cubes": [
					{"origin": [-4, 5.72431, 3.97991], "size": [2, 6, 0], "uv": [44, 28]}
				]
			},
			{
				"name": "bone5",
				"parent": "bone3",
				"pivot": [2, 5.72431, 3.98091],
				"rotation": [0, 0, -7.92314],
				"cubes": [
					{"origin": [2, 5.72431, 3.98191], "size": [2, 6, 0], "uv": [8, 43]}
				]
			},
			{
				"name": "bone6",
				"parent": "sittingRotationSkirt2",
				"pivot": [0, 6, 0],
				"rotation": [0, -90, 0]
			},
			{
				"name": "bone7",
				"parent": "bone6",
				"pivot": [0, 6, 3.98091],
				"rotation": [8, 0, 0],
				"cubes": [
					{"origin": [-2, 5.72431, 3.98091], "size": [4, 6, 0], "uv": [41, 38]}
				]
			},
			{
				"name": "bone8",
				"parent": "bone7",
				"pivot": [-2, 5.72431, 3.98091],
				"rotation": [0, 0, 7.92314],
				"cubes": [
					{"origin": [-4, 5.72431, 3.97991], "size": [2, 6, 0], "uv": [4, 43]}
				]
			},
			{
				"name": "bone9",
				"parent": "bone7",
				"pivot": [2, 5.72431, 3.98091],
				"rotation": [0, 0, -7.92314],
				"cubes": [
					{"origin": [2, 5.72431, 3.98191], "size": [2, 6, 0], "uv": [0, 43]}
				]
			},
			{
				"name": "bone10",
				"parent": "sittingRotationSkirt2",
				"pivot": [0, 6, 0],
				"rotation": [0, -180, 0]
			},
			{
				"name": "bone11",
				"parent": "bone10",
				"pivot": [0, 6, 3.98091],
				"rotation": [8, 0, 0],
				"cubes": [
					{"origin": [-2, 5.72431, 3.98091], "size": [4, 6, 0], "uv": [40, 0]}
				]
			},
			{
				"name": "bone12",
				"parent": "bone11",
				"pivot": [-2, 5.72431, 3.98091],
				"rotation": [0, 0, 7.92314],
				"cubes": [
					{"origin": [-4, 5.72431, 3.97991], "size": [2, 6, 0], "uv": [34, 42]}
				]
			},
			{
				"name": "bone13",
				"parent": "bone11",
				"pivot": [2, 5.72431, 3.98091],
				"rotation": [0, 0, -7.92314],
				"cubes": [
					{"origin": [2, 5.72431, 3.98191], "size": [2, 6, 0], "uv": [30, 42]}
				]
			},
			{
				"name": "bone14",
				"parent": "sittingRotationSkirt2",
				"pivot": [0, 6, 0],
				"rotation": [0, -270, 0]
			},
			{
				"name": "bone15",
				"parent": "bone14",
				"pivot": [0, 6, 3.98091],
				"rotation": [8, 0, 0],
				"cubes": [
					{"origin": [-2, 5.72431, 3.98091], "size": [4, 6, 0], "uv": [0, 0]}
				]
			},
			{
				"name": "bone16",
				"parent": "bone15",
				"pivot": [-2, 5.72431, 3.98091],
				"rotation": [0, 0, 7.92314],
				"cubes": [
					{"origin": [-4, 5.72431, 3.97991], "size": [2, 6, 0], "uv": [26, 42]}
				]
			},
			{
				"name": "bone17",
				"parent": "bone15",
				"pivot": [2, 5.72431, 3.98091],
				"rotation": [0, 0, -7.92314],
				"cubes": [
					{"origin": [2, 5.72431, 3.98191], "size": [2, 6, 0], "uv": [20, 31]}
				]
			},
			{
				"name": "legLeft",
				"pivot": [2, 9, 0],
				"cubes": [
					{"origin": [0.499, 0, -1.5], "size": [3, 9, 3], "uv": [0, 31]}
				]
			},
			{
				"name": "legRight",
				"pivot": [-2, 9, 0],
				"cubes": [
					{"origin": [-3.499, 0, -1.5], "size": [3, 9, 3], "uv": [24, 26]}
				]
			}
		]
	}
}