{
	"format_version": "1.10.0",
	"geometry.model": {
		"texturewidth": 64,
		"textureheight": 64,
		"visible_bounds_width": 3,
		"visible_bounds_height": 4,
		"visible_bounds_offset": [0, 1, 0],
		"bones": [
			{
				"name": "head",
				"pivot": [0, 18, 0],
				"cubes": [
					{"origin": [-4, 18, -4], "size": [8, 8, 8], "uv": [0, 0]}
				]
			},
			{
				"name": "blink",
				"parent": "head",
				"pivot": [0, 18, 0],
				"cubes": [
					{"origin": [-4, 18, -4.001], "size": [8, 8, 0], "uv": [24, 0]}
				]
			},
			{
				"name": "hair",
				"parent": "head",
				"pivot": [0, 18, 0],
				"cubes": [
					{"origin": [-4, 6, 4], "size": [8, 12, 0], "uv": [24, 16]}
				]
			},
			{
				"name": "bianzi",
				"parent": "head",
				"pivot": [0, 17, 1],
				"rotation": [0, 0, -5],
				"cubes": [
					{"origin": [4, 23, -3], "size": [1, 1, 1], "uv": [9, 31]},
					{"origin": [5, 17, -3], "size": [1, 7, 1], "uv": [32, 8]}
				]
			},
			{
				"name": "cf",
				"parent": "head",
				"pivot": [0, 18, 0],
				"cubes": [
					{"origin": [-4, 14, -4], "size": [1, 4, 0], "uv": [4, 16]},
					{"origin": [3, 16, -4], "size": [1, 2, 0], "uv": [4, 20]}
				]
			},
			{
				"name": "armRight",
				"pivot": [-2, 17.5, 0],
				"rotation": [0, 0, 25],
				"cubes": [
					{"origin": [-4, 8.5, -1], "size": [2, 8, 2], "uv": [33, 37]},
					{"origin": [-4.5, 9.5, -1.5], "size": [3, 6, 3], "uv": [37, 5]}
				]
			},
			{
				"name": "armLeft",
				"pivot": [2, 17.5, 0],
				"rotation": [0, 0, -25],
				"cubes": [
					{"origin": [1.5, 9.5, -1.5], "size": [3, 6, 3], "uv": [33, 28]},
					{"origin": [2, 8.5, -1], "size": [2, 8, 2], "uv": [12, 31]}
				]
			},
			{
				"name": "body",
				"pivot": [0, 10.5, 0],
				"cubes": [
					{"origin": [-3, 8.999, -3], "size": [6, 9, 6], "uv": [0, 16]}
				]
			},
			{
				"name": "sittingRotationSkirt",
				"parent": "body",
				"pivot": [0, 10.5, 0]
			},
			{
				"name": "sittingRotationSkirt2",
				"parent": "sittingRotationSkirt",
				"pivot": [0, 16.5, 0]
			},
			{
				"name": "bone",
				"parent": "sittingRotationSkirt2",
				"pivot": [0, 6, 0]
			},
			{
				"name": "bone2",
				"parent": "bone",
				"pivot": [0, 6, 3.98091],
				"rotation": [8, 0, 0],
				"cubes": [
					{"origin": [-2, 3.72431, 3.98091], "size": [4, 8, 0], "uv": [0, 0]}
				]
			},
			{
				"name": "bone3",
				"parent": "bone2",
				"pivot": [-2, 5.72431, 3.98091],
				"rotation": [0, 0, 7.92314],
				"cubes": [
					{"origin": [-4, 3.72431, 3.97991], "size": [2, 8, 0], "uv": [12, 41]}
				]
			},
			{
				"name": "bone4",
				"parent": "bone2",
				"pivot": [2, 5.72431, 3.98091],
				"rotation": [0, 0, -7.92314],
				"cubes": [
					{"origin": [2, 3.72431, 3.98191], "size": [2, 8, 0], "uv": [28, 40]}
				]
			},
			{
				"name": "bone5",
				"parent": "sittingRotationSkirt2",
				"pivot": [0, 6, 0],
				"rotation": [0, -90, 0]
			},
			{
				"name": "bone6",
				"parent": "bone5",
				"pivot": [0, 6, 3.98091],
				"rotation": [8, 0, 0],
				"cubes": [
					{"origin": [-2, 5.72431, 3.98091], "size": [4, 6, 0], "uv": [40, 20]}
				]
			},
			{
				"name": "bone7",
				"parent": "bone6",
				"pivot": [-2, 5.72431, 3.98091],
				"rotation": [0, 0, 7.92314],
				"cubes": [
					{"origin": [-4, 5.72431, 3.97991], "size": [2, 6, 0], "uv": [0, 43]}
				]
			},
			{
				"name": "bone8",
				"parent": "bone6",
				"pivot": [2, 5.72431, 3.98091],
				"rotation": [0, 0, -7.92314],
				"cubes": [
					{"origin": [2, 5.72431, 3.98191], "size": [2, 6, 0], "uv": [41, 37]}
				]
			},
			{
				"name": "bone9",
				"parent": "sittingRotationSkirt2",
				"pivot": [0, 6, 0],
				"rotation": [0, -180, 0]
			},
			{
				"name": "bone10",
				"parent": "bone9",
				"pivot": [0, 6, 3.98091],
				"rotation": [8, 0, 0],
				"cubes": [
					{"origin": [-2, 5.72431, 3.98091], "size": [4, 6, 0], "uv": [20, 40]}
				]
			},
			{
				"name": "bone11",
				"parent": "bone10",
				"pivot": [-2, 5.72431, 3.98091],
				"rotation": [0, 0, 7.92314],
				"cubes": [
					{"origin": [-4, 8.72431, 3.97991], "size": [2, 3, 0], "uv": [30, 28]}
				]
			},
			{
				"name": "bone12",
				"parent": "bone10",
				"pivot": [2, 5.72431, 3.98091],
				"rotation": [0, 0, -7.92314],
				"cubes": [
					{"origin": [2, 5.72431, 3.98191], "size": [2, 6, 0], "uv": [16, 41]}
				]
			},
			{
				"name": "bone13",
				"parent": "sittingRotationSkirt2",
				"pivot": [0, 6, 0],
				"rotation": [0, -270, 0]
			},
			{
				"name": "bone14",
				"parent": "bone13",
				"pivot": [0, 6, 3.98091],
				"rotation": [8, 0, 0],
				"cubes": [
					{"origin": [-2, 5.72431, 3.98091], "size": [4, 6, 0], "uv": [40, 14]}
				]
			},
			{
				"name": "bone15",
				"parent": "bone14",
				"pivot": [-2, 5.72431, 3.98091],
				"rotation": [0, 0, 7.92314],
				"cubes": [
					{"origin": [-4, 5.72431, 3.97991], "size": [2, 6, 0], "uv": [18, 16]}
				]
			},
			{
				"name": "bone16",
				"parent": "bone14",
				"pivot": [2, 5.72431, 3.98091],
				"rotation": [0, 0, -7.92314],
				"cubes": [
					{"origin": [2, 5.72431, 3.98191], "size": [2, 6, 0], "uv": [0, 16]}
				]
			},
			{
				"name": "legLeft",
				"pivot": [2, 9, 0],
				"cubes": [
					{"origin": [0.499, 0, -1.5], "size": [3, 9, 3], "uv": [0, 31]}
				]
			},
			{
				"name": "legRight",
				"pivot": [-2, 9, 0],
				"cubes": [
					{"origin": [-3.499, 0, -1.5], "size": [3, 9, 3], "uv": [21, 28]}
				]
			}
		]
	}
}