{
	"format_version": "1.12.0",
	"minecraft:geometry": [
		{
			"description": {
				"identifier": "geometry.model",
				"texture_width": 128,
				"texture_height": 128,
				"visible_bounds_width": 3,
				"visible_bounds_height": 5,
				"visible_bounds_offset": [0, 1.5, 0]
			},
			"bones": [
				{
					"name": "head",
					"pivot": [0, 27.3, 0]
				},
				{
					"name": "eye",
					"parent": "head",
					"pivot": [0, 27.3, 0.75],
					"cubes": [
						{"origin": [-4, 28, -4.25], "size": [8, 3, 1], "uv": [54, 12]}
					]
				},
				{
					"name": "bone33",
					"parent": "eye",
					"pivot": [-1.95, 29.5, -4.35],
					"rotation": [0, 0, 3],
					"cubes": [
						{"origin": [-2.95, 28.3, -4.15], "size": [1, 1, 1], "inflate": 0.2, "uv": [96, 67]},
						{"origin": [-2.95, 29.7, -4.15], "size": [1, 1, 1], "inflate": 0.2, "uv": [64, 96]},
						{"origin": [-2.5, 29.6, -4.75], "size": [1, 1, 1], "inflate": -0.3, "uv": [60, 96]}
					]
				},
				{
					"name": "bone34",
					"parent": "eye",
					"pivot": [2.85, 29.5, -4.35],
					"rotation": [0, 0, 3],
					"cubes": [
						{"origin": [1.85, 28.3, -4.15], "size": [1, 1, 1], "inflate": 0.2, "uv": [56, 96]},
						{"origin": [1.85, 29.7, -4.15], "size": [1, 1, 1], "inflate": 0.2, "uv": [96, 51]},
						{"origin": [2.3, 29.6, -4.75], "size": [1, 1, 1], "inflate": -0.3, "uv": [96, 42]}
					]
				},
				{
					"name": "rangedAttackShow",
					"parent": "head",
					"pivot": [0, 27.3, 0],
					"cubes": [
						{"origin": [-4.5, 27.5, -4.5], "size": [9, 9, 9], "uv": [0, 18]},
						{"origin": [-2.5, 30.5, -4.95], "size": [1, 1, 1], "uv": [96, 38]},
						{"origin": [-4.5, 29.5, -5], "size": [1, 1, 1], "uv": [96, 23]},
						{"origin": [-3.5, 30.5, -4.95], "size": [1, 1, 1], "uv": [96, 16]},
						{"origin": [1.5, 29.75, -4.95], "size": [1, 1, 1], "uv": [95, 61]},
						{"origin": [3.5, 29.5, -5], "size": [1, 1, 1], "uv": [95, 55]},
						{"origin": [2.5, 29.75, -4.95], "size": [1, 1, 1], "uv": [95, 53]}
					]
				},
				{
					"name": "rangedAttackHidden",
					"parent": "head",
					"pivot": [0, 27.3, 0]
				},
				{
					"name": "_blink",
					"parent": "rangedAttackHidden",
					"pivot": [0, 27.3, 0],
					"cubes": [
						{"origin": [-4.5, 27.5, -4.5], "size": [9, 9, 9], "uv": [27, 9]},
						{"origin": [-2.5, 30.5, -4.95], "size": [1, 1, 1], "uv": [96, 14]},
						{"origin": [-4.5, 29.5, -5], "size": [1, 1, 1], "uv": [96, 4]},
						{"origin": [-3.5, 30.5, -4.95], "size": [1, 1, 1], "uv": [93, 95]},
						{"origin": [1.5, 30.5, -4.95], "size": [1, 1, 1], "uv": [76, 95]},
						{"origin": [3.5, 29.5, -5], "size": [1, 1, 1], "uv": [72, 95]},
						{"origin": [2.5, 30.5, -4.95], "size": [1, 1, 1], "uv": [68, 95]}
					]
				},
				{
					"name": "blink",
					"parent": "rangedAttackHidden",
					"pivot": [0, 27.3, 0],
					"cubes": [
						{"origin": [-4.5, 27.5, -4.5], "size": [9, 9, 9], "uv": [0, 0]},
						{"origin": [1.5, 29.75, -4.95], "size": [1, 1, 1], "uv": [95, 49]},
						{"origin": [3.5, 29.5, -5], "size": [1, 1, 1], "uv": [95, 47]},
						{"origin": [2.5, 29.75, -4.95], "size": [1, 1, 1], "uv": [95, 29]},
						{"origin": [-2.5, 29.75, -4.95], "size": [1, 1, 1], "uv": [28, 95]},
						{"origin": [-4.5, 29.5, -5], "size": [1, 1, 1], "uv": [95, 21]},
						{"origin": [-3.5, 29.75, -4.95], "size": [1, 1, 1], "uv": [91, 0]}
					]
				},
				{
					"name": "hair",
					"parent": "head",
					"pivot": [0, 27.3, 0]
				},
				{
					"name": "bone26",
					"parent": "hair",
					"pivot": [0, 27.3, 0],
					"cubes": [
						{"origin": [-4.71627, 30.77394, -4.995], "size": [1, 5, 1], "pivot": [-4.66808, 31.79191, -4.955], "rotation": [0, 0, 33], "uv": [65, 90]},
						{"origin": [-4.5, 29.5, -4.75], "size": [1, 5, 1], "pivot": [-4.5, 34.5, -4.75], "rotation": [-2.99818, 0.10465, 1.99726], "uv": [57, 90]},
						{"origin": [-2.5, 31.5, -5.5], "size": [1, 4, 1], "pivot": [-1.5, 35.5, -5], "rotation": [0, 0, 12.5], "uv": [91, 54]},
						{"origin": [-1.5, 31.5, -5.498], "size": [1, 4, 1], "pivot": [-0.5, 35.5, -6.1], "rotation": [0, 0, 27.5], "uv": [91, 28]},
						{"origin": [0.4378, 32.01181, -5.495], "size": [1, 3, 1], "pivot": [1.4378, 35.06181, -5.75], "rotation": [0, 0, 32.5], "uv": [95, 0]},
						{"origin": [-3.5, 30.25, -5], "size": [1, 5, 1], "pivot": [-2.5, 35.25, -4.95], "rotation": [0, 0, 21.5], "uv": [90, 34]},
						{"origin": [0.5, 31.5, -5.498], "size": [1, 4, 1], "pivot": [0.5, 35.55, -5.75], "rotation": [0, 0, -23.5], "uv": [91, 10]},
						{"origin": [2.31046, 30.37948, -4.95], "size": [1, 5, 1], "pivot": [2.31046, 35.42948, -5.75], "rotation": [0, 0, -22.5], "uv": [89, 88]},
						{"origin": [3.66708, 27.51705, -4.47364], "size": [1, 2, 1], "pivot": [3.66708, 36.56705, -4.72364], "rotation": [-3.99973, 0.00875, 0.50038], "uv": [9, 61]},
						{"origin": [1.5, 31.5, -5.5], "size": [1, 4, 1], "pivot": [1.5, 35.55, -5.75], "rotation": [0, 0, -14], "uv": [77, 90]},
						{"origin": [-0.5, 31.5, -5.5], "size": [1, 4, 1], "pivot": [0.5, 35.55, -5.75], "rotation": [0, 0, 20], "uv": [73, 90]},
						{"origin": [2.5, 30.5, -5], "size": [1, 5, 1], "pivot": [2.5, 35.55, -5.75], "rotation": [0, 0, -20], "uv": [89, 40]},
						{"origin": [-4.6745, 27.50989, -5.01152], "size": [1, 2, 1], "pivot": [-4.6745, 29.50989, -5.01152], "rotation": [-5.49906, -0.2049, -3.49836], "uv": [60, 45]},
						{"origin": [3.5, 29.5, -4.65], "size": [1, 5, 1], "pivot": [3.5, 35.55, -5], "rotation": [-2.99954, -0.05233, -0.99863], "uv": [40, 61]}
					]
				},
				{
					"name": "bone27",
					"parent": "hair",
					"pivot": [0.5, 28.3, 0.5],
					"cubes": [
						{"origin": [-2, 35.495, -5], "size": [4, 1, 1], "uv": [79, 66]},
						{"origin": [-3, 36.5, -3], "size": [6, 1, 5], "uv": [43, 43]},
						{"origin": [-2, 36.25, -4], "size": [4, 1, 1], "uv": [79, 49]},
						{"origin": [-2, 35.495, -5], "size": [4, 1, 1], "pivot": [0, 26.8, 0], "rotation": [0, -90, 0], "uv": [79, 66]},
						{"origin": [-2, 35.495, -5], "size": [4, 1, 1], "pivot": [0, 26.8, 0], "rotation": [0, 90, 0], "uv": [79, 66]},
						{"origin": [-2, 36.25, -4], "size": [4, 1, 1], "pivot": [0, -0.25, 0], "rotation": [0, -90, 0], "uv": [79, 49]},
						{"origin": [-2, 36.25, -4], "size": [4, 1, 1], "pivot": [0, -0.25, 0], "rotation": [0, 90, 0], "uv": [79, 49]}
					]
				},
				{
					"name": "bone25",
					"parent": "hair",
					"pivot": [-4.25, 29.3, -3.5],
					"cubes": [
						{"origin": [-5.5, 30.5, -1.5], "size": [1, 5, 1], "pivot": [-5.5, 35.5, -1.5], "rotation": [0, 0, 1], "uv": [20, 118]},
						{"origin": [-4.75, 29.5, -4.5], "size": [1, 5, 1], "pivot": [-4.75, 34.45, -4.5], "rotation": [0, 0, 2.5], "uv": [40, 61]},
						{"origin": [-5.3, 30.5, -2.5], "size": [1, 5, 1], "pivot": [-5.25, 35.5, -2], "rotation": [0, 0, 2], "uv": [24, 118]},
						{"origin": [-5.51842, 27.49544, 1.1948], "size": [1, 3, 1], "pivot": [-5.51842, 35.49544, 1.1948], "rotation": [3.49947, 0.06105, 0], "uv": [8, 124]},
						{"origin": [-4.9, 30.5, -3.5], "size": [1, 5, 1], "pivot": [-4.9, 35.5, -3.25], "rotation": [-0.99985, 0.01745, 0.99985], "uv": [28, 118]},
						{"origin": [-5.16828, 27.51955, 2.58741], "size": [1, 3, 1], "pivot": [-5.16828, 35.51955, 2.58741], "rotation": [-1, 0, -0.5], "uv": [4, 124]},
						{"origin": [-5.5, 30.5, 0.5], "size": [1, 5, 1], "pivot": [-5.5, 35.5, 1.5], "rotation": [0, 0, 1], "uv": [12, 118]},
						{"origin": [-5.5, 30.5, -0.5], "size": [1, 5, 1], "pivot": [-5.5, 36.5, 0.5], "rotation": [0, 0, 1.5], "uv": [16, 118]},
						{"origin": [-5.06406, 27.47453, 3.60462], "size": [1, 3, 1], "pivot": [-5.81406, 36.47453, 3.60462], "rotation": [-0.99985, -0.01745, -1.99985], "uv": [0, 124]},
						{"origin": [-5.39301, 27.58487, -3.6326], "size": [1, 2, 1], "pivot": [-5.39301, 34.53487, -3.6326], "rotation": [-9.91615, -1.29876, -4.88733], "uv": [9, 61]},
						{"origin": [-5.11766, 27.52318, -3.28096], "size": [1, 3, 1], "pivot": [-5.11766, 35.52318, -3.03096], "rotation": [-3.49728, -0.13513, -1.49549], "uv": [28, 124]},
						{"origin": [-5.58726, 27.52693, -1.49931], "size": [1, 3, 1], "pivot": [-5.53726, 30.52693, -0.99931], "rotation": [-3, 0, 0], "uv": [20, 124]},
						{"origin": [-5.47447, 27.51352, -2.49992], "size": [1, 3, 1], "pivot": [-5.42447, 30.51352, -1.99992], "rotation": [-1, 0, 0], "uv": [24, 124]},
						{"origin": [-5.65706, 27.7268, -0.79289], "size": [1, 3, 1], "pivot": [-5.65706, 31.7268, 0.20711], "rotation": [15.06635, -2.63814, -1.74398], "uv": [16, 124]},
						{"origin": [-5.58726, 27.63129, 0.49144], "size": [1, 3, 1], "pivot": [-5.58726, 30.63129, 1.49144], "rotation": [7.5, 0, 0], "uv": [12, 124]},
						{"origin": [-5.3, 30.5, 1.5], "size": [1, 5, 1], "pivot": [-5.3, 35.5, 1.5], "rotation": [0, 0, 2.5], "uv": [8, 118]},
						{"origin": [-4.95, 30.5, 2.5], "size": [1, 5, 1], "pivot": [-4.95, 35.5, 2.5], "rotation": [0, 0, 2], "uv": [4, 118]},
						{"origin": [-4.75, 30.5, 3.5], "size": [1, 5, 1], "pivot": [-5.5, 36.5, 3.5], "rotation": [0, 0, 1], "uv": [0, 118]}
					]
				},
				{
					"name": "bone28",
					"parent": "hair",
					"pivot": [4.25, 29.3, -3.5],
					"cubes": [
						{"origin": [4.5, 30.5, -1.5], "size": [1, 5, 1], "pivot": [5.5, 35.5, -1.5], "rotation": [0, 0, -1], "uv": [12, 118]},
						{"origin": [3.75, 29.5, -4.5], "size": [1, 5, 1], "pivot": [4.75, 34.45, -4.5], "rotation": [0, 0, -2.5], "uv": [57, 90]},
						{"origin": [4.3, 30.5, -2.5], "size": [1, 5, 1], "pivot": [5.25, 35.5, -2], "rotation": [0, 0, -2], "uv": [8, 118]},
						{"origin": [4.51842, 27.49544, 1.1948], "size": [1, 3, 1], "pivot": [5.51842, 35.49544, 1.1948], "rotation": [3.49947, -0.06105, 0], "uv": [24, 124]},
						{"origin": [3.9, 30.5, -3.5], "size": [1, 5, 1], "pivot": [4.9, 35.5, -3.25], "rotation": [-0.99985, -0.01745, -0.99985], "uv": [4, 118]},
						{"origin": [4.16828, 27.51955, 2.58741], "size": [1, 3, 1], "pivot": [5.16828, 35.51955, 2.58741], "rotation": [-1, 0, 0.5], "uv": [28, 124]},
						{"origin": [4.5, 30.5, 0.5], "size": [1, 5, 1], "pivot": [5.5, 35.5, 1.5], "rotation": [0, 0, -1], "uv": [20, 118]},
						{"origin": [4.5, 30.5, -0.5], "size": [1, 5, 1], "pivot": [5.5, 36.5, 0.5], "rotation": [0, 0, -1.5], "uv": [16, 118]},
						{"origin": [4.06406, 27.47453, 3.60462], "size": [1, 3, 1], "pivot": [5.81406, 36.47453, 3.60462], "rotation": [-0.99985, 0.01745, 1.99985], "uv": [32, 124]},
						{"origin": [4.39301, 27.58487, -3.6326], "size": [1, 2, 1], "pivot": [5.39301, 34.53487, -3.6326], "rotation": [-9.91615, 1.29876, 4.88733], "uv": [60, 45]},
						{"origin": [4.11766, 27.52318, -3.28096], "size": [1, 3, 1], "pivot": [5.11766, 35.52318, -3.03096], "rotation": [-3.49728, 0.13513, 1.49549], "uv": [4, 124]},
						{"origin": [4.58726, 27.52693, -1.49931], "size": [1, 3, 1], "pivot": [5.53726, 30.52693, -0.99931], "rotation": [-3, 0, 0], "uv": [12, 124]},
						{"origin": [4.47447, 27.51352, -2.49992], "size": [1, 3, 1], "pivot": [5.42447, 30.51352, -1.99992], "rotation": [-1, 0, 0], "uv": [8, 124]},
						{"origin": [4.65706, 27.7268, -0.79289], "size": [1, 3, 1], "pivot": [5.65706, 31.7268, 0.20711], "rotation": [15.06635, 2.63814, 1.74398], "uv": [16, 124]},
						{"origin": [4.58726, 27.63129, 0.49144], "size": [1, 3, 1], "pivot": [5.58726, 30.63129, 1.49144], "rotation": [7.5, 0, 0], "uv": [20, 124]},
						{"origin": [4.3, 30.5, 1.5], "size": [1, 5, 1], "pivot": [5.3, 35.5, 1.5], "rotation": [0, 0, -2.5], "uv": [24, 118]},
						{"origin": [3.95, 30.5, 2.5], "size": [1, 5, 1], "pivot": [4.95, 35.5, 2.5], "rotation": [0, 0, -2], "uv": [28, 118]},
						{"origin": [3.75, 30.5, 3.5], "size": [1, 5, 1], "pivot": [5.5, 36.5, 3.5], "rotation": [0, 0, -1], "uv": [32, 118]}
					]
				},
				{
					"name": "bone51",
					"parent": "hair",
					"pivot": [0, 29.3, 0],
					"rotation": [0, -90, 0],
					"cubes": [
						{"origin": [4.5, 30.5, -1.5], "size": [1, 5, 1], "pivot": [5.5, 35.5, -1.5], "rotation": [0, 0, -1], "uv": [12, 118]},
						{"origin": [3.75, 30.5, -4.5], "size": [1, 5, 1], "pivot": [4.75, 34.45, -4.5], "rotation": [0, 0, -2.5], "uv": [0, 118]},
						{"origin": [4.3, 30.5, -2.5], "size": [1, 5, 1], "pivot": [5.25, 35.5, -2], "rotation": [0, 0, -2], "uv": [8, 118]},
						{"origin": [4.51842, 27.49544, 1.1948], "size": [1, 3, 1], "pivot": [5.51842, 35.49544, 1.1948], "rotation": [3.49947, -0.06105, 0], "uv": [24, 124]},
						{"origin": [3.9, 30.5, -3.5], "size": [1, 5, 1], "pivot": [4.9, 35.5, -3.25], "rotation": [0, 0, -0.99985], "uv": [4, 118]},
						{"origin": [4.16828, 27.51955, 2.58741], "size": [1, 3, 1], "pivot": [5.16828, 35.51955, 2.58741], "rotation": [-1, 0, 0.5], "uv": [28, 124]},
						{"origin": [4.5, 30.5, 0.5], "size": [1, 5, 1], "pivot": [5.5, 35.5, 1.5], "rotation": [0, 0, -1], "uv": [20, 118]},
						{"origin": [4.5, 30.5, -0.5], "size": [1, 5, 1], "pivot": [5.5, 36.5, 0.5], "rotation": [0, 0, -1.5], "uv": [16, 118]},
						{"origin": [4.06406, 27.47453, 3.60462], "size": [1, 3, 1], "pivot": [5.81406, 36.47453, 3.60462], "rotation": [-0.99985, 0.01745, 1.99985], "uv": [32, 124]},
						{"origin": [4.06015, 27.50135, -4.5], "size": [1, 3, 1], "pivot": [5.06015, 34.45135, -4.5], "rotation": [0, 0, 2], "uv": [0, 124]},
						{"origin": [4.11774, 27.49906, -3.5], "size": [1, 3, 1], "pivot": [5.11774, 35.49906, -3.25], "rotation": [0, 0, 1.49549], "uv": [4, 124]},
						{"origin": [4.58726, 27.52693, -1.49931], "size": [1, 3, 1], "pivot": [5.53726, 30.52693, -0.99931], "rotation": [-3, 0, 0], "uv": [12, 124]},
						{"origin": [4.47447, 27.51352, -2.49992], "size": [1, 3, 1], "pivot": [5.42447, 30.51352, -1.99992], "rotation": [-1, 0, 0], "uv": [8, 124]},
						{"origin": [4.6875, 27.50159, -0.5], "size": [1, 3, 1], "pivot": [5.6875, 31.50159, 0.5], "rotation": [0, 0, 1.74398], "uv": [16, 124]},
						{"origin": [4.58726, 27.63129, 0.49144], "size": [1, 3, 1], "pivot": [5.58726, 30.63129, 1.49144], "rotation": [7.5, 0, 0], "uv": [20, 124]},
						{"origin": [4.3, 30.5, 1.5], "size": [1, 5, 1], "pivot": [5.3, 35.5, 1.5], "rotation": [0, 0, -2.5], "uv": [24, 118]},
						{"origin": [3.95, 30.5, 2.5], "size": [1, 5, 1], "pivot": [4.95, 35.5, 2.5], "rotation": [0, 0, -2], "uv": [28, 118]},
						{"origin": [3.75, 30.5, 3.5], "size": [1, 5, 1], "pivot": [5.5, 36.5, 3.5], "rotation": [0, 0, -1], "uv": [32, 118]}
					]
				},
				{
					"name": "cup",
					"parent": "head",
					"pivot": [0, 34.8, 0.6],
					"rotation": [-27.5, 0, 0]
				},
				{
					"name": "bone31",
					"parent": "cup",
					"pivot": [0, 34.8, 0.6],
					"cubes": [
						{"origin": [-5, 39.8, -4.4], "size": [10, 0, 10], "uv": [26, 27]}
					]
				},
				{
					"name": "bone30",
					"parent": "cup",
					"pivot": [0, 34.8, 0.6]
				},
				{
					"name": "bone52",
					"parent": "bone30",
					"pivot": [0, 40.10423, -3.17226]
				},
				{
					"name": "bone37",
					"parent": "bone52",
					"pivot": [0, 34.8, 0.6],
					"rotation": [0, -90, 0],
					"cubes": [
						{"origin": [-2, 35.8, -5.9], "size": [4, 1, 1], "inflate": 0.12, "pivot": [0, 38, -5.45], "rotation": [7.5, 0, 0], "uv": [79, 43]}
					]
				},
				{
					"name": "bone38",
					"parent": "bone37",
					"pivot": [0, 34.8, 0.6],
					"rotation": [0, -36.5, 0],
					"cubes": [
						{"origin": [-2, 35.8, -5.9], "size": [3, 1, 1], "inflate": 0.12, "pivot": [0, 38, -5.45], "rotation": [7.5, 0, 0], "uv": [25, 87]}
					]
				},
				{
					"name": "bone36",
					"parent": "bone37",
					"pivot": [0, 34.8, -0.6],
					"rotation": [0, 90, 0]
				},
				{
					"name": "bone35",
					"parent": "bone36",
					"pivot": [0, 34.8, -0.6],
					"rotation": [0, 36.5, 0],
					"cubes": [
						{"origin": [-2.96463, 35.8, 4.18621], "size": [3, 1, 1], "inflate": 0.12, "pivot": [-0.96463, 38, 4.73621], "rotation": [-7.5, 0, 0], "uv": [87, 26]}
					]
				},
				{
					"name": "bone39",
					"parent": "bone52",
					"pivot": [0, 34.8, 0.6],
					"rotation": [0, 180, 0],
					"cubes": [
						{"origin": [-2, 35.8, -5.9], "size": [4, 1, 1], "inflate": 0.12, "pivot": [0, 38, -5.45], "rotation": [7.5, 0, 0], "uv": [79, 41]}
					]
				},
				{
					"name": "bone40",
					"parent": "bone39",
					"pivot": [0, 34.8, 0.6],
					"rotation": [0, -36.5, 0],
					"cubes": [
						{"origin": [-2, 35.8, -5.9], "size": [3, 1, 1], "inflate": 0.12, "pivot": [0, 38, -5.45], "rotation": [7.5, 0, 0], "uv": [87, 24]}
					]
				},
				{
					"name": "bone41",
					"parent": "bone39",
					"pivot": [0, 34.8, -0.6],
					"rotation": [0, 90, 0]
				},
				{
					"name": "bone42",
					"parent": "bone41",
					"pivot": [0, 34.8, -0.6],
					"rotation": [0, 36.5, 0],
					"cubes": [
						{"origin": [-2.96463, 35.8, 4.18621], "size": [3, 1, 1], "inflate": 0.12, "pivot": [-0.96463, 38, 4.73621], "rotation": [-7.5, 0, 0], "uv": [17, 87]}
					]
				},
				{
					"name": "bone43",
					"parent": "bone52",
					"pivot": [0, 34.8, 0.6],
					"rotation": [0, 90, 0],
					"cubes": [
						{"origin": [-2, 35.8, -5.9], "size": [4, 1, 1], "inflate": 0.12, "pivot": [0, 38, -5.45], "rotation": [7.5, 0, 0], "uv": [79, 22]}
					]
				},
				{
					"name": "bone44",
					"parent": "bone43",
					"pivot": [0, 34.8, 0.6],
					"rotation": [0, -36.5, 0],
					"cubes": [
						{"origin": [-2, 35.8, -5.9], "size": [3, 1, 1], "inflate": 0.12, "pivot": [0, 38, -5.45], "rotation": [7.5, 0, 0], "uv": [87, 2]}
					]
				},
				{
					"name": "bone45",
					"parent": "bone43",
					"pivot": [0, 34.8, -0.6],
					"rotation": [0, 90, 0]
				},
				{
					"name": "bone46",
					"parent": "bone45",
					"pivot": [0, 34.8, -0.6],
					"rotation": [0, 36.5, 0],
					"cubes": [
						{"origin": [-2.96463, 35.8, 4.18621], "size": [3, 1, 1], "inflate": 0.12, "pivot": [-0.96463, 38, 4.73621], "rotation": [-7.5, 0, 0], "uv": [86, 86]}
					]
				},
				{
					"name": "bone47",
					"parent": "bone52",
					"pivot": [0, 34.8, 0.6],
					"cubes": [
						{"origin": [-2, 35.8, -5.9], "size": [4, 1, 1], "inflate": 0.12, "pivot": [0, 38, -5.45], "rotation": [7.5, 0, 0], "uv": [79, 20]}
					]
				},
				{
					"name": "bone48",
					"parent": "bone47",
					"pivot": [0, 34.8, 0.6],
					"rotation": [0, -36.5, 0],
					"cubes": [
						{"origin": [-2, 35.8, -5.9], "size": [3, 1, 1], "inflate": 0.12, "pivot": [0, 38, -5.45], "rotation": [7.5, 0, 0], "uv": [86, 64]}
					]
				},
				{
					"name": "bone49",
					"parent": "bone47",
					"pivot": [0, 34.8, -0.6],
					"rotation": [0, 90, 0]
				},
				{
					"name": "bone50",
					"parent": "bone49",
					"pivot": [0, 34.8, -0.6],
					"rotation": [0, 36.5, 0],
					"cubes": [
						{"origin": [-2.96463, 35.8, 4.18621], "size": [3, 1, 1], "inflate": 0.12, "pivot": [-0.96463, 38, 4.73621], "rotation": [-7.5, 0, 0], "uv": [84, 58]}
					]
				},
				{
					"name": "bone53",
					"parent": "bone30",
					"pivot": [0, 39.35423, -3.17226]
				},
				{
					"name": "bone54",
					"parent": "bone53",
					"pivot": [0, 34.05, 0.6],
					"rotation": [0, -90, 0],
					"cubes": [
						{"origin": [-2, 35.05, -5.9], "size": [4, 1, 1], "inflate": 0.12, "uv": [79, 18]}
					]
				},
				{
					"name": "bone55",
					"parent": "bone54",
					"pivot": [0, 34.05, 0.6],
					"rotation": [0, -36.5, 0],
					"cubes": [
						{"origin": [-2, 35.05, -5.9], "size": [3, 1, 1], "inflate": 0.12, "uv": [84, 53]}
					]
				},
				{
					"name": "bone56",
					"parent": "bone54",
					"pivot": [0, 34.05, -0.6],
					"rotation": [0, 90, 0]
				},
				{
					"name": "bone57",
					"parent": "bone56",
					"pivot": [0, 34.05, -0.6],
					"rotation": [0, 36.5, 0],
					"cubes": [
						{"origin": [-2.96463, 35.05, 4.18621], "size": [3, 1, 1], "inflate": 0.12, "uv": [84, 51]}
					]
				},
				{
					"name": "bone58",
					"parent": "bone53",
					"pivot": [0, 34.05, 0.6],
					"rotation": [0, 180, 0],
					"cubes": [
						{"origin": [-2, 35.05, -5.9], "size": [4, 1, 1], "inflate": 0.12, "uv": [79, 5]}
					]
				},
				{
					"name": "bone59",
					"parent": "bone58",
					"pivot": [0, 34.05, 0.6],
					"rotation": [0, -36.5, 0],
					"cubes": [
						{"origin": [-2, 35.05, -5.9], "size": [3, 1, 1], "inflate": 0.12, "uv": [83, 68]}
					]
				},
				{
					"name": "bone60",
					"parent": "bone58",
					"pivot": [0, 34.05, -0.6],
					"rotation": [0, 90, 0]
				},
				{
					"name": "bone61",
					"parent": "bone60",
					"pivot": [0, 34.05, -0.6],
					"rotation": [0, 36.5, 0],
					"cubes": [
						{"origin": [-2.96463, 35.05, 4.18621], "size": [3, 1, 1], "inflate": 0.12, "uv": [83, 13]}
					]
				},
				{
					"name": "bone62",
					"parent": "bone53",
					"pivot": [0, 34.05, 0.6],
					"rotation": [0, 90, 0],
					"cubes": [
						{"origin": [-2, 35.05, -5.9], "size": [4, 1, 1], "inflate": 0.12, "uv": [78, 70]}
					]
				},
				{
					"name": "bone63",
					"parent": "bone62",
					"pivot": [0, 34.05, 0.6],
					"rotation": [0, -36.5, 0],
					"cubes": [
						{"origin": [-2, 35.05, -5.9], "size": [3, 1, 1], "inflate": 0.12, "uv": [83, 11]}
					]
				},
				{
					"name": "bone64",
					"parent": "bone62",
					"pivot": [0, 34.05, -0.6],
					"rotation": [0, 90, 0]
				},
				{
					"name": "bone65",
					"parent": "bone64",
					"pivot": [0, 34.05, -0.6],
					"rotation": [0, 36.5, 0],
					"cubes": [
						{"origin": [-2.96463, 35.05, 4.18621], "size": [3, 1, 1], "inflate": 0.12, "uv": [83, 9]}
					]
				},
				{
					"name": "bone66",
					"parent": "bone53",
					"pivot": [0, 34.05, 0.6],
					"cubes": [
						{"origin": [-2, 35.05, -5.9], "size": [4, 1, 1], "inflate": 0.12, "uv": [78, 27]}
					]
				},
				{
					"name": "bone67",
					"parent": "bone66",
					"pivot": [0, 34.05, 0.6],
					"rotation": [0, -36.5, 0],
					"cubes": [
						{"origin": [-2, 35.05, -5.9], "size": [3, 1, 1], "inflate": 0.12, "uv": [83, 7]}
					]
				},
				{
					"name": "bone68",
					"parent": "bone66",
					"pivot": [0, 34.05, -0.6],
					"rotation": [0, 90, 0]
				},
				{
					"name": "bone69",
					"parent": "bone68",
					"pivot": [0, 34.05, -0.6],
					"rotation": [0, 36.5, 0],
					"cubes": [
						{"origin": [-2.96463, 35.05, 4.18621], "size": [3, 1, 1], "inflate": 0.12, "uv": [82, 76]}
					]
				},
				{
					"name": "bone73",
					"parent": "bone30",
					"pivot": [0, 34.8, 0.6]
				},
				{
					"name": "bone71",
					"parent": "bone73",
					"pivot": [0, 34.8, 0.6],
					"cubes": [
						{"origin": [-3, 36.97484, -5.75416], "size": [6, 1, 1], "inflate": 0.12, "uv": [69, 68]}
					]
				},
				{
					"name": "bone72",
					"parent": "bone71",
					"pivot": [0, 34.8, 0.6],
					"cubes": [
						{"origin": [-3.86, 36.97484, -1.85416], "size": [5, 1, 1], "inflate": 0.12, "pivot": [4.24, 36.72484, 4.24584], "rotation": [0, -45, 0], "uv": [71, 47]}
					]
				},
				{
					"name": "bone29",
					"parent": "bone73",
					"pivot": [0, 34.8, 0.6],
					"rotation": [0, -90, 0],
					"cubes": [
						{"origin": [-3, 36.97484, -5.75416], "size": [6, 1, 1], "inflate": 0.12, "uv": [68, 34]}
					]
				},
				{
					"name": "bone70",
					"parent": "bone29",
					"pivot": [0, 34.8, 0.6],
					"cubes": [
						{"origin": [-3.86, 36.97484, -1.85416], "size": [5, 1, 1], "inflate": 0.12, "pivot": [4.24, 36.72484, 4.24584], "rotation": [0, -45, 0], "uv": [70, 60]}
					]
				},
				{
					"name": "bone74",
					"parent": "bone73",
					"pivot": [0, 34.8, 0.6],
					"rotation": [0, 180, 0],
					"cubes": [
						{"origin": [-3, 36.97484, -5.75416], "size": [6, 1, 1], "inflate": 0.12, "uv": [68, 32]}
					]
				},
				{
					"name": "bone75",
					"parent": "bone74",
					"pivot": [0, 34.8, 0.6],
					"cubes": [
						{"origin": [-3.86, 36.97484, -1.85416], "size": [5, 1, 1], "inflate": 0.12, "pivot": [4.24, 36.72484, 4.24584], "rotation": [0, -45, 0], "uv": [23, 56]}
					]
				},
				{
					"name": "bone76",
					"parent": "bone73",
					"pivot": [0, 34.8, 0.6],
					"rotation": [0, 90, 0],
					"cubes": [
						{"origin": [-3, 36.97484, -5.75416], "size": [6, 1, 1], "inflate": 0.12, "uv": [68, 30]}
					]
				},
				{
					"name": "bone77",
					"parent": "bone76",
					"pivot": [0, 34.8, 0.6],
					"cubes": [
						{"origin": [-3.86, 36.97484, -1.85416], "size": [5, 1, 1], "inflate": 0.12, "pivot": [4.24, 36.72484, 4.24584], "rotation": [0, -45, 0], "uv": [54, 16]}
					]
				},
				{
					"name": "bone78",
					"parent": "bone30",
					"pivot": [0, 34.8, 0.6]
				},
				{
					"name": "bone79",
					"parent": "bone78",
					"pivot": [0, 34.8, 0.6],
					"cubes": [
						{"origin": [-3, 37.82011, -4.90972], "size": [6, 1, 1], "inflate": 0.12, "pivot": [0, 40.02011, -4.45972], "rotation": [-22.5, 0, 0], "uv": [70, 10]},
						{"origin": [-3.36, 35.77484, -1.35416], "size": [4, 1, 1], "inflate": 0.12, "pivot": [4.24, 38.52484, 4.24584], "rotation": [-22.5, -45, 0], "uv": [78, 25]}
					]
				},
				{
					"name": "bone80",
					"parent": "bone78",
					"pivot": [0, 34.8, 0.6],
					"rotation": [0, -90, 0],
					"cubes": [
						{"origin": [-3, 37.82011, -4.90972], "size": [6, 1, 1], "inflate": 0.12, "pivot": [0, 40.02011, -4.45972], "rotation": [-22.5, 0, 0], "uv": [68, 16]},
						{"origin": [-3.36, 35.77484, -1.35416], "size": [4, 1, 1], "inflate": 0.12, "pivot": [4.24, 38.52484, 4.24584], "rotation": [-22.5, -45, 0], "uv": [78, 3]}
					]
				},
				{
					"name": "bone81",
					"parent": "bone78",
					"pivot": [0, 34.8, 0.6],
					"rotation": [0, 180, 0],
					"cubes": [
						{"origin": [-3, 37.82011, -4.90972], "size": [6, 1, 1], "inflate": 0.12, "pivot": [0, 40.02011, -4.45972], "rotation": [-22.5, 0, 0], "uv": [12, 68]},
						{"origin": [-3.36, 35.77484, -1.35416], "size": [4, 1, 1], "inflate": 0.12, "pivot": [4.24, 38.52484, 4.24584], "rotation": [-22.5, -45, 0], "uv": [76, 64]}
					]
				},
				{
					"name": "bone82",
					"parent": "bone78",
					"pivot": [0, 34.8, 0.6],
					"rotation": [0, 90, 0],
					"cubes": [
						{"origin": [-3, 37.82011, -4.90972], "size": [6, 1, 1], "inflate": 0.12, "pivot": [0, 40.02011, -4.45972], "rotation": [-22.5, 0, 0], "uv": [68, 1]},
						{"origin": [-3.36, 35.77484, -1.35416], "size": [4, 1, 1], "inflate": 0.12, "pivot": [4.24, 38.52484, 4.24584], "rotation": [-22.5, -45, 0], "uv": [14, 51]}
					]
				},
				{
					"name": "bone83",
					"parent": "bone30",
					"pivot": [0, 34.8, 0.6]
				},
				{
					"name": "bone84",
					"parent": "bone83",
					"pivot": [0, 34.8, 0.6],
					"cubes": [
						{"origin": [-3, 37.90423, -3.62226], "size": [6, 1, 1], "inflate": 0.12, "pivot": [0, 40.10423, -3.17226], "rotation": [-55, 0, 0], "uv": [70, 8]},
						{"origin": [-2.86, 33.97484, 0.19584], "size": [3, 1, 1], "inflate": 0.12, "pivot": [4.24, 38.52484, 4.24584], "rotation": [-55, -45, 0], "uv": [82, 60]}
					]
				},
				{
					"name": "bone85",
					"parent": "bone83",
					"pivot": [0, 34.8, 0.6],
					"rotation": [0, -90, 0],
					"cubes": [
						{"origin": [-3, 37.90423, -3.62226], "size": [6, 1, 1], "inflate": 0.12, "pivot": [0, 40.10423, -3.17226], "rotation": [-55, 0, 0], "uv": [67, 56]},
						{"origin": [-2.86, 33.97484, 0.19584], "size": [3, 1, 1], "inflate": 0.12, "pivot": [4.24, 38.52484, 4.24584], "rotation": [-55, -45, 0], "uv": [82, 46]}
					]
				},
				{
					"name": "bone86",
					"parent": "bone83",
					"pivot": [0, 34.8, 0.6],
					"rotation": [0, 180, 0],
					"cubes": [
						{"origin": [-3, 37.90423, -3.62226], "size": [6, 1, 1], "inflate": 0.12, "pivot": [0, 40.10423, -3.17226], "rotation": [-55, 0, 0], "uv": [65, 28]},
						{"origin": [-2.86, 33.97484, 0.19584], "size": [3, 1, 1], "inflate": 0.12, "pivot": [4.24, 38.52484, 4.24584], "rotation": [-55, -45, 0], "uv": [82, 39]}
					]
				},
				{
					"name": "bone87",
					"parent": "bone83",
					"pivot": [0, 34.8, 0.6],
					"rotation": [0, 90, 0],
					"cubes": [
						{"origin": [-3, 37.90423, -3.62226], "size": [6, 1, 1], "inflate": 0.12, "pivot": [0, 40.10423, -3.17226], "rotation": [-55, 0, 0], "uv": [65, 26]},
						{"origin": [-2.86, 33.97484, 0.19584], "size": [3, 1, 1], "inflate": 0.12, "pivot": [4.24, 38.52484, 4.24584], "rotation": [-55, -45, 0], "uv": [82, 16]}
					]
				},
				{
					"name": "bone88",
					"parent": "cup",
					"pivot": [0, 34.8, 0.6],
					"rotation": [0, -45, 0],
					"cubes": [
						{"origin": [-1.45, 36.8, -6], "size": [1, 1, 1], "inflate": 0.5, "uv": [90, 46]},
						{"origin": [-0.2, 36.8, -6.4], "size": [1, 1, 1], "inflate": 0.25, "uv": [45, 79]}
					]
				},
				{
					"name": "armLeft",
					"pivot": [3.75, 25.75, 0],
					"rotation": [0, 0, -17.5]
				},
				{
					"name": "bone23",
					"parent": "armLeft",
					"pivot": [2.75, 25.75, 0],
					"cubes": [
						{"origin": [2.25, 18.75, -1.5], "size": [3, 7, 3], "inflate": -0.1, "uv": [58, 56]},
						{"origin": [2.25, 24.85, -1.5], "size": [3, 1, 3], "uv": [69, 70], "mirror": true},
						{"origin": [2.25, 18.75, -1.66], "size": [3, 7, 1], "uv": [0, 71], "mirror": true},
						{"origin": [2.25, 18.65, -1.5], "size": [3, 1, 3], "uv": [69, 70], "mirror": true},
						{"origin": [2.25, 18.75, -1.66], "size": [3, 7, 1], "pivot": [3.75, 19, 0], "rotation": [0, -90, 0], "uv": [0, 71], "mirror": true},
						{"origin": [2.25, 18.75, -1.66], "size": [3, 7, 1], "pivot": [3.75, 19, 0], "rotation": [0, -180, 0], "uv": [0, 71], "mirror": true},
						{"origin": [2.25, 18.75, -1.66], "size": [3, 7, 1], "pivot": [3.75, 19, 0], "rotation": [0, 90, 0], "uv": [0, 71], "mirror": true}
					]
				},
				{
					"name": "bone24",
					"parent": "armLeft",
					"pivot": [3.75, 18.75, 0],
					"cubes": [
						{"origin": [2.25, 11.95, -1.5], "size": [3, 7, 3], "inflate": -0.1, "uv": [26, 58]},
						{"origin": [2.25, 15.75, -1.63], "size": [3, 3, 1], "uv": [65, 80], "mirror": true},
						{"origin": [2.25, 14.75, -1.53], "size": [3, 1, 1], "uv": [88, 4], "mirror": true},
						{"origin": [2.25, 17.86, -1.5], "size": [3, 1, 3], "uv": [69, 70], "mirror": true},
						{"origin": [2.25, 15.75, -1.63], "size": [3, 3, 1], "pivot": [3.75, 15, 0], "rotation": [0, 90, 0], "uv": [65, 80], "mirror": true},
						{"origin": [2.25, 15.75, -1.63], "size": [3, 3, 1], "pivot": [3.75, 15, 0], "rotation": [0, -180, 0], "uv": [65, 80], "mirror": true},
						{"origin": [2.25, 15.75, -1.63], "size": [3, 3, 1], "pivot": [3.75, 15, 0], "rotation": [0, -90, 0], "uv": [65, 80], "mirror": true},
						{"origin": [2.25, 14.75, -1.53], "size": [3, 1, 1], "pivot": [3.75, 15, 0], "rotation": [0, -90, 0], "uv": [88, 4], "mirror": true},
						{"origin": [2.25, 14.75, -1.53], "size": [3, 1, 1], "pivot": [3.75, 15, 0], "rotation": [0, -180, 0], "uv": [88, 4], "mirror": true},
						{"origin": [2.25, 14.75, -1.53], "size": [3, 1, 1], "pivot": [3.75, 15, 0], "rotation": [0, 90, 0], "uv": [88, 4], "mirror": true}
					]
				},
				{
					"name": "armLeftPositioningBone",
					"parent": "armLeft",
					"pivot": [3.75, 12.5, -0.5]
				},
				{
					"name": "armRight",
					"pivot": [-3.75, 25.75, 0],
					"rotation": [0, 0, 17.5]
				},
				{
					"name": "bone22",
					"parent": "armRight",
					"pivot": [-2.75, 25.75, 0],
					"cubes": [
						{"origin": [-5.25, 18.75, -1.5], "size": [3, 7, 3], "inflate": -0.1, "uv": [62, 46]},
						{"origin": [-5.25, 24.85, -1.5], "size": [3, 1, 3], "uv": [69, 70]},
						{"origin": [-5.25, 18.75, -1.66], "size": [3, 7, 1], "uv": [0, 71]},
						{"origin": [-5.25, 18.65, -1.5], "size": [3, 1, 3], "uv": [69, 70]},
						{"origin": [-5.25, 18.75, -1.66], "size": [3, 7, 1], "pivot": [-3.75, 19, 0], "rotation": [0, 90, 0], "uv": [0, 71]},
						{"origin": [-5.25, 18.75, -1.66], "size": [3, 7, 1], "pivot": [-3.75, 19, 0], "rotation": [0, 180, 0], "uv": [0, 71]},
						{"origin": [-5.25, 18.75, -1.66], "size": [3, 7, 1], "pivot": [-3.75, 19, 0], "rotation": [0, -90, 0], "uv": [0, 71]}
					]
				},
				{
					"name": "bone21",
					"parent": "armRight",
					"pivot": [-3.75, 18.751, 0],
					"cubes": [
						{"origin": [-5.25, 11.95, -1.5], "size": [3, 7, 3], "inflate": -0.1, "uv": [44, 59]},
						{"origin": [-5.25, 15.75, -1.63], "size": [3, 3, 1], "uv": [65, 80]},
						{"origin": [-5.25, 14.75, -1.53], "size": [3, 1, 1], "uv": [88, 4]},
						{"origin": [-5.25, 17.86, -1.5], "size": [3, 1, 3], "uv": [69, 70]},
						{"origin": [-5.25, 15.75, -1.63], "size": [3, 3, 1], "pivot": [-3.75, 15, 0], "rotation": [0, -90, 0], "uv": [65, 80]},
						{"origin": [-5.25, 15.75, -1.63], "size": [3, 3, 1], "pivot": [-3.75, 15, 0], "rotation": [0, 180, 0], "uv": [65, 80]},
						{"origin": [-5.25, 15.75, -1.63], "size": [3, 3, 1], "pivot": [-3.75, 15, 0], "rotation": [0, 90, 0], "uv": [65, 80]},
						{"origin": [-5.25, 14.75, -1.53], "size": [3, 1, 1], "pivot": [-3.75, 15, 0], "rotation": [0, 90, 0], "uv": [88, 4]},
						{"origin": [-5.25, 14.75, -1.53], "size": [3, 1, 1], "pivot": [-3.75, 15, 0], "rotation": [0, 180, 0], "uv": [88, 4]},
						{"origin": [-5.25, 14.75, -1.53], "size": [3, 1, 1], "pivot": [-3.75, 15, 0], "rotation": [0, -90, 0], "uv": [88, 4]}
					]
				},
				{
					"name": "armRightPositioningBone",
					"parent": "armRight",
					"pivot": [-3.75, 12.5, -0.5]
				},
				{
					"name": "body",
					"pivot": [0, 17.5, 0],
					"cubes": [
						{"origin": [-4, 15.999, -2], "size": [8, 11, 4], "inflate": -0.35, "uv": [0, 36]},
						{"origin": [-4, 19.999, -2], "size": [8, 7, 4], "inflate": -0.5, "uv": [24, 37]},
						{"origin": [-1.5, 26.5, -1.5], "size": [3, 2, 3], "uv": [67, 63]},
						{"origin": [-4, 13.699, -2], "size": [8, 4, 4], "inflate": -0.1, "uv": [27, 0]}
					]
				},
				{
					"name": "sittingRotationSkirt",
					"parent": "body",
					"pivot": [0, 17.7, -0.8]
				},
				{
					"name": "bone",
					"parent": "sittingRotationSkirt",
					"pivot": [0, 11.75, 0]
				},
				{
					"name": "bone2",
					"parent": "bone",
					"pivot": [0, 11.75, 3.47051],
					"rotation": [10, 0, 0],
					"cubes": [
						{"origin": [-3.5, 9.4382, 3.12321], "size": [7, 10, 0], "uv": [0, 51]},
						{"origin": [-11.92298, 19.80605, 2.65], "size": [11, 1, 1], "inflate": -0.45, "pivot": [-0.21151, 20.71747, -1.82479], "rotation": [0, 0, -90], "uv": [44, 39]},
						{"origin": [-12.32298, 19.80605, 2.65], "size": [11, 1, 1], "inflate": -0.45, "pivot": [-0.61151, 20.71747, -1.82479], "rotation": [0, 0, -90], "uv": [44, 37]}
					]
				},
				{
					"name": "bone3",
					"parent": "bone2",
					"pivot": [-3.5, 11.40782, 3.47051],
					"rotation": [0, 0, 9.85108],
					"cubes": [
						{"origin": [-5.16302, 9.46724, 3.12221], "size": [2, 10, 0], "uv": [53, 78]}
					]
				},
				{
					"name": "bone4",
					"parent": "bone2",
					"pivot": [3.5, 11.40782, 3.47051],
					"rotation": [0, 0, -9.85108],
					"cubes": [
						{"origin": [3.16302, 9.46724, 3.12421], "size": [2, 10, 0], "uv": [49, 78]}
					]
				},
				{
					"name": "bone5",
					"parent": "sittingRotationSkirt",
					"pivot": [0, 11.75, 0],
					"rotation": [0, -90, 0]
				},
				{
					"name": "bone6",
					"parent": "bone5",
					"pivot": [0, 11.75, 5.47051],
					"rotation": [10, 0, 0],
					"cubes": [
						{"origin": [-1.5, 9.4382, 5.12321], "size": [3, 10, 0], "uv": [12, 70]}
					]
				},
				{
					"name": "bone7",
					"parent": "bone6",
					"pivot": [-1.5, 11.40782, 5.47051],
					"rotation": [0, 0, 9.85108],
					"cubes": [
						{"origin": [-3.16302, 9.46724, 5.12221], "size": [2, 10, 0], "uv": [30, 77]}
					]
				},
				{
					"name": "bone8",
					"parent": "bone6",
					"pivot": [1.5, 11.40782, 5.47051],
					"rotation": [0, 0, -9.85108],
					"cubes": [
						{"origin": [1.16302, 9.46724, 5.12421], "size": [2, 10, 0], "uv": [26, 77]}
					]
				},
				{
					"name": "bone9",
					"parent": "sittingRotationSkirt",
					"pivot": [0, 11.75, 0],
					"rotation": [0, -180, 0]
				},
				{
					"name": "bone10",
					"parent": "bone9",
					"pivot": [0, 11.85, 3.47051],
					"rotation": [10, 0, 0],
					"cubes": [
						{"origin": [-10.92298, 18.80605, 2.65], "size": [10, 1, 1], "inflate": -0.45, "pivot": [-0.21151, 19.71747, -1.82479], "rotation": [0, 0, -90], "uv": [47, 2]},
						{"origin": [-3.44058, 9.44484, 3.10385], "size": [7, 10, 0], "uv": [47, 49]},
						{"origin": [-11.32298, 18.80605, 2.65], "size": [10, 1, 1], "inflate": -0.45, "pivot": [-0.61151, 19.71747, -1.82479], "rotation": [0, 0, -90], "uv": [47, 0]}
					]
				},
				{
					"name": "bone11",
					"parent": "bone10",
					"pivot": [-3.5, 11.50782, 3.47051],
					"rotation": [0, 0, 9.85108],
					"cubes": [
						{"origin": [-5.02909, 9.49055, 3.10285], "size": [2, 10, 0], "uv": [22, 77]}
					]
				},
				{
					"name": "bone12",
					"parent": "bone10",
					"pivot": [3.5, 11.50782, 3.47051],
					"rotation": [0, 0, -9.85108],
					"cubes": [
						{"origin": [3.14617, 9.47022, 3.10485], "size": [2, 10, 0], "uv": [18, 77]}
					]
				},
				{
					"name": "bone13",
					"parent": "sittingRotationSkirt",
					"pivot": [1, 11.75, 0],
					"rotation": [0, -270, 0]
				},
				{
					"name": "bone14",
					"parent": "bone13",
					"pivot": [1, 11.75, 4.47051],
					"rotation": [10, 0, 0],
					"cubes": [
						{"origin": [-0.51671, 9.42959, 4.00412], "size": [3, 10, 0], "uv": [43, 69]}
					]
				},
				{
					"name": "bone15",
					"parent": "bone14",
					"pivot": [-1.5, 11.40782, 4.47051],
					"rotation": [0, 0, 9.85108],
					"cubes": [
						{"origin": [-2.21223, 9.65295, 4.00312], "size": [2, 10, 0], "uv": [61, 76]}
					]
				},
				{
					"name": "bone16",
					"parent": "bone14",
					"pivot": [3.5, 11.40782, 4.47051],
					"rotation": [0, 0, -9.85108],
					"cubes": [
						{"origin": [2.1793, 9.65866, 4.00512], "size": [2, 10, 0], "uv": [8, 71]}
					]
				},
				{
					"name": "coat",
					"parent": "body",
					"pivot": [0, 17.5, 0]
				},
				{
					"name": "coat_left",
					"parent": "coat",
					"pivot": [0, 20.5, 0]
				},
				{
					"name": "coat_right_tie",
					"parent": "coat_left",
					"pivot": [0, 20.5, 0],
					"cubes": [
						{"origin": [1.35, 26.2, -2.125], "size": [2, 1, 4.25], "inflate": -0.42, "uv": [47, 4]}
					]
				},
				{
					"name": "coat_right_N3",
					"parent": "coat_right_tie",
					"pivot": [0, 20.5, 0],
					"cubes": [
						{"origin": [1.35, 23.05, -2.3], "size": [2, 1, 1], "inflate": -0.42, "pivot": [2.35, 24.8, -1.8], "rotation": [-5, 0, 0], "uv": [94, 36]},
						{"origin": [1.349, 23.09832, -2.13838], "size": [2, 4, 1], "inflate": -0.42, "pivot": [2.35, 26.65, -1.7], "rotation": [-5.7, 0, 0], "uv": [6, 83]},
						{"origin": [1.351, 23.09832, -2.13838], "size": [2, 4, 1], "inflate": -0.42, "pivot": [2.35, 26.65, -1.7], "rotation": [-4.3, 0, 0], "uv": [0, 83]},
						{"origin": [1.351, 22.09832, 1.13838], "size": [2, 5, 1], "inflate": -0.42, "pivot": [2.35, 26.65, 1.7], "rotation": [2.3, 0, 0], "uv": [34, 81]}
					]
				},
				{
					"name": "coat_right_S3",
					"parent": "coat_right_tie",
					"pivot": [0, 20.5, 0],
					"cubes": [
						{"origin": [-3.351, 22.09832, 1.13838], "size": [2, 5, 1], "inflate": -0.42, "pivot": [-2.35, 26.65, 1.7], "rotation": [2.3, 0, 0], "uv": [81, 81]}
					]
				},
				{
					"name": "coat_right_N4",
					"parent": "coat_right_tie",
					"pivot": [3, 23.65, -2.05],
					"cubes": [
						{"origin": [1.45, 23.1, -2.3], "size": [2, 1, 1], "inflate": -0.42, "pivot": [2.35, 24.8, -1.8], "rotation": [-5, 0, 0], "uv": [94, 27]},
						{"origin": [2.25326, 22.50859, -2.26424], "size": [1, 1, 1], "inflate": -0.42, "pivot": [2.15326, 25.20859, -1.76424], "rotation": [-4.98107, -0.43523, -4.98107], "uv": [97, 92]},
						{"origin": [2.09235, 22.52943, -2.26242], "size": [1, 1, 1], "inflate": -0.42, "pivot": [2.39235, 25.22943, -1.76242], "rotation": [-4.98107, -0.43523, -4.98107], "uv": [92, 97]},
						{"origin": [1.25, 23.1, -2.3], "size": [2, 1, 1], "inflate": -0.42, "pivot": [2.35, 24.8, -1.8], "rotation": [-5, 0, 0], "uv": [94, 25]},
						{"origin": [1.71999, 23.43581, -2.37047], "size": [1, 1, 1], "inflate": -0.42, "pivot": [2.81999, 23.99018, -1.77024], "rotation": [1.91757, -4.61854, -112.57734], "uv": [97, 87]},
						{"origin": [1.9693, 23.37927, -2.37597], "size": [1, 1, 1], "inflate": -0.42, "pivot": [3.0693, 23.93365, -1.77574], "rotation": [0.21865, -4.99523, -90], "uv": [79, 97]},
						{"origin": [1.71938, 22.25341, -2.48418], "size": [1, 1, 1], "inflate": -0.42, "pivot": [2.81938, 22.69903, -2.08441], "rotation": [1.91757, 4.61854, 112.57734], "uv": [75, 97]},
						{"origin": [1.638, 23.32235, -2.38039], "size": [1, 1, 1], "inflate": -0.42, "pivot": [2.638, 23.87672, -1.78016], "rotation": [3.54002, -3.53329, -135.10922], "uv": [71, 97]},
						{"origin": [1.63739, 22.36687, -2.47426], "size": [1, 1, 1], "inflate": -0.42, "pivot": [2.63739, 22.81249, -2.07448], "rotation": [3.54002, 3.53329, 135.10922], "uv": [67, 97]},
						{"origin": [0.87795, 21.71441, -2.33372], "size": [1, 1, 1], "inflate": -0.42, "pivot": [0.92795, 24.41441, -1.83372], "rotation": [-3.83424, -3.21154, -39.89247], "uv": [97, 44]},
						{"origin": [0.33916, 20.37012, -2.45133], "size": [1, 1, 1], "inflate": -0.42, "pivot": [0.38916, 23.07012, -1.95133], "rotation": [-1.29717, -4.82922, -74.9453], "uv": [43, 97]},
						{"origin": [1.44593, 22.77585, -2.41484], "size": [1, 1, 1], "inflate": -0.42, "pivot": [2.7574, 23.48726, -1.91484], "rotation": [-2.31336, -4.43385, -62.41043], "uv": [97, 40]},
						{"origin": [2.0669, 21.91304, -2.49032], "size": [1, 1, 1], "inflate": -0.42, "pivot": [2.37836, 22.62446, -1.99032], "rotation": [-0.43688, -4.98093, -84.981], "uv": [36, 97]},
						{"origin": [1.82772, 22.10343, -2.45445], "size": [1, 1, 1], "inflate": -0.42, "pivot": [3.13919, 22.81484, -1.95445], "rotation": [-4.83045, -1.29256, 0], "uv": [32, 97]},
						{"origin": [1.44674, 22.50859, -2.26424], "size": [1, 1, 1], "inflate": -0.42, "pivot": [2.54674, 25.20859, -1.76424], "rotation": [-4.98107, 0.43523, 4.98107], "uv": [97, 31]},
						{"origin": [1.60765, 22.52943, -2.26242], "size": [1, 1, 1], "inflate": -0.42, "pivot": [2.30765, 25.22943, -1.76242], "rotation": [-4.98107, 0.43523, 4.98107], "uv": [28, 97]},
						{"origin": [1.98001, 23.43581, -2.37047], "size": [1, 1, 1], "inflate": -0.42, "pivot": [1.88001, 23.99018, -1.77024], "rotation": [1.91757, 4.61854, 112.57734], "uv": [97, 18]},
						{"origin": [1.7307, 23.37927, -2.37597], "size": [1, 1, 1], "inflate": -0.42, "pivot": [1.6307, 23.93365, -1.77574], "rotation": [0.21865, 4.99523, 90], "uv": [97, 7]},
						{"origin": [1.98062, 22.25341, -2.48418], "size": [1, 1, 1], "inflate": -0.42, "pivot": [1.88062, 22.69903, -2.08441], "rotation": [1.91757, -4.61854, -112.57734], "uv": [96, 96]},
						{"origin": [2.062, 23.32235, -2.38039], "size": [1, 1, 1], "inflate": -0.42, "pivot": [2.062, 23.87672, -1.78016], "rotation": [3.54002, 3.53329, 135.10922], "uv": [96, 94]},
						{"origin": [2.06261, 22.36687, -2.47426], "size": [1, 1, 1], "inflate": -0.42, "pivot": [2.06261, 22.81249, -2.07448], "rotation": [3.54002, -3.53329, -135.10922], "uv": [96, 90]},
						{"origin": [2.82205, 21.71441, -2.33372], "size": [1, 1, 1], "inflate": -0.42, "pivot": [3.77205, 24.41441, -1.83372], "rotation": [-3.83424, 3.21154, 39.89247], "uv": [96, 80]},
						{"origin": [3.36084, 20.37012, -2.45133], "size": [1, 1, 1], "inflate": -0.42, "pivot": [4.31084, 23.07012, -1.95133], "rotation": [-1.29717, 4.82922, 74.9453], "uv": [96, 78]},
						{"origin": [2.25407, 22.77585, -2.41484], "size": [1, 1, 1], "inflate": -0.42, "pivot": [1.9426, 23.48726, -1.91484], "rotation": [-2.31336, 4.43385, 62.41043], "uv": [96, 75]},
						{"origin": [1.6331, 21.91304, -2.49032], "size": [1, 1, 1], "inflate": -0.42, "pivot": [2.32164, 22.62446, -1.99032], "rotation": [-0.43688, 4.98093, 84.981], "uv": [96, 73]},
						{"origin": [1.7761, 22.32308, -2.45445], "size": [1, 1, 1], "inflate": -0.42, "pivot": [1.46463, 23.03449, -1.95445], "rotation": [-4.83045, 1.29256, 14.94548], "uv": [96, 71]},
						{"origin": [1.9239, 22.32308, -2.45445], "size": [1, 1, 1], "inflate": -0.42, "pivot": [3.23537, 23.03449, -1.95445], "rotation": [-4.83045, -1.29256, -14.94548], "uv": [96, 69]}
					]
				},
				{
					"name": "cost_left_line",
					"parent": "coat_left",
					"pivot": [3.85, 20.5, 1],
					"cubes": [
						{"origin": [0.62702, 18.85, -0.7], "size": [4, 1, 1], "inflate": -0.45, "pivot": [3.63849, 19.71747, 0.19995], "rotation": [0, 0, -90], "uv": [81, 29]},
						{"origin": [0.62702, 18.85, -0.3], "size": [4, 1, 1], "inflate": -0.45, "pivot": [3.63849, 19.71747, -0.19995], "rotation": [0, 0, -90], "uv": [8, 81]}
					]
				},
				{
					"name": "coat_right",
					"parent": "coat",
					"pivot": [0, 20.5, 0]
				},
				{
					"name": "coat_left_tie",
					"parent": "coat_right",
					"pivot": [0, 20.5, 0],
					"cubes": [
						{"origin": [-3.35, 26.2, -2.125], "size": [2, 1, 4.25], "inflate": -0.42, "uv": [64, 37]}
					]
				},
				{
					"name": "coat_left_N2",
					"parent": "coat_left_tie",
					"pivot": [0, 20.5, 0],
					"cubes": [
						{"origin": [-3.35, 23.05, -2.3], "size": [2, 1, 1], "inflate": -0.42, "pivot": [-2.35, 24.8, -1.8], "rotation": [-5, 0, 0], "uv": [94, 64]},
						{"origin": [-3.349, 23.09832, -2.13838], "size": [2, 4, 1], "inflate": -0.42, "pivot": [-2.35, 26.65, -1.7], "rotation": [-5.7, 0, 0], "uv": [40, 83]},
						{"origin": [-3.351, 23.09832, -2.13838], "size": [2, 4, 1], "inflate": -0.42, "pivot": [-2.35, 26.65, -1.7], "rotation": [-4.3, 0, 0], "uv": [12, 83]}
					]
				},
				{
					"name": "coat_left_S2",
					"parent": "coat_left_tie",
					"pivot": [0, 20.5, 0]
				},
				{
					"name": "coat_left_N",
					"parent": "coat_left_tie",
					"pivot": [-3, 23.65, -2.05],
					"cubes": [
						{"origin": [-3.45, 23.1, -2.3], "size": [2, 1, 1], "inflate": -0.42, "pivot": [-2.35, 24.8, -1.8], "rotation": [-5, 0, 0], "uv": [94, 82]},
						{"origin": [-3.25326, 22.50859, -2.26424], "size": [1, 1, 1], "inflate": -0.42, "pivot": [-2.15326, 25.20859, -1.76424], "rotation": [-4.98107, 0.43523, 4.98107], "uv": [82, 98]},
						{"origin": [-3.09235, 22.52943, -2.26242], "size": [1, 1, 1], "inflate": -0.42, "pivot": [-2.39235, 25.22943, -1.76242], "rotation": [-4.98107, 0.43523, 4.98107], "uv": [98, 62]},
						{"origin": [-3.25, 23.1, -2.3], "size": [2, 1, 1], "inflate": -0.42, "pivot": [-2.35, 24.8, -1.8], "rotation": [-5, 0, 0], "uv": [94, 58]},
						{"origin": [-2.71999, 23.43581, -2.37047], "size": [1, 1, 1], "inflate": -0.42, "pivot": [-2.81999, 23.99018, -1.77024], "rotation": [1.91757, 4.61854, 112.57734], "uv": [99, 2]},
						{"origin": [-2.9693, 23.37927, -2.37597], "size": [1, 1, 1], "inflate": -0.42, "pivot": [-3.0693, 23.93365, -1.77574], "rotation": [0.21865, 4.99523, 90], "uv": [99, 0]},
						{"origin": [-2.71938, 22.25341, -2.48418], "size": [1, 1, 1], "inflate": -0.42, "pivot": [-2.81938, 22.69903, -2.08441], "rotation": [1.91757, -4.61854, -112.57734], "uv": [95, 98]},
						{"origin": [-2.638, 23.32235, -2.38039], "size": [1, 1, 1], "inflate": -0.42, "pivot": [-2.638, 23.87672, -1.78016], "rotation": [3.54002, 3.53329, 135.10922], "uv": [86, 98]},
						{"origin": [-2.63739, 22.36687, -2.47426], "size": [1, 1, 1], "inflate": -0.42, "pivot": [-2.63739, 22.81249, -2.07448], "rotation": [3.54002, -3.53329, -135.10922], "uv": [98, 84]},
						{"origin": [-1.87795, 21.71441, -2.33372], "size": [1, 1, 1], "inflate": -0.42, "pivot": [-0.92795, 24.41441, -1.83372], "rotation": [-3.83424, 3.21154, 39.89247], "uv": [62, 98]},
						{"origin": [-1.33916, 20.37012, -2.45133], "size": [1, 1, 1], "inflate": -0.42, "pivot": [-0.38916, 23.07012, -1.95133], "rotation": [-1.29717, 4.82922, 74.9453], "uv": [98, 60]},
						{"origin": [-2.44593, 22.77585, -2.41484], "size": [1, 1, 1], "inflate": -0.42, "pivot": [-2.7574, 23.48726, -1.91484], "rotation": [-2.31336, 4.43385, 62.41043], "uv": [58, 98]},
						{"origin": [-3.0669, 21.91304, -2.49032], "size": [1, 1, 1], "inflate": -0.42, "pivot": [-2.37836, 22.62446, -1.99032], "rotation": [-0.43688, 4.98093, 84.981], "uv": [98, 56]},
						{"origin": [-2.82772, 22.10343, -2.45445], "size": [1, 1, 1], "inflate": -0.42, "pivot": [-3.13919, 22.81484, -1.95445], "rotation": [-4.83045, 1.29256, 0], "uv": [98, 54]},
						{"origin": [-2.44674, 22.50859, -2.26424], "size": [1, 1, 1], "inflate": -0.42, "pivot": [-2.54674, 25.20859, -1.76424], "rotation": [-4.98107, -0.43523, -4.98107], "uv": [54, 98]},
						{"origin": [-2.60765, 22.52943, -2.26242], "size": [1, 1, 1], "inflate": -0.42, "pivot": [-2.30765, 25.22943, -1.76242], "rotation": [-4.98107, -0.43523, -4.98107], "uv": [50, 98]},
						{"origin": [-2.98001, 23.43581, -2.37047], "size": [1, 1, 1], "inflate": -0.42, "pivot": [-1.88001, 23.99018, -1.77024], "rotation": [1.91757, -4.61854, -112.57734], "uv": [98, 48]},
						{"origin": [-2.7307, 23.37927, -2.37597], "size": [1, 1, 1], "inflate": -0.42, "pivot": [-1.6307, 23.93365, -1.77574], "rotation": [0.21865, -4.99523, -90], "uv": [98, 46]},
						{"origin": [-2.98062, 22.25341, -2.48418], "size": [1, 1, 1], "inflate": -0.42, "pivot": [-1.88062, 22.69903, -2.08441], "rotation": [1.91757, 4.61854, 112.57734], "uv": [46, 98]},
						{"origin": [-3.062, 23.32235, -2.38039], "size": [1, 1, 1], "inflate": -0.42, "pivot": [-2.062, 23.87672, -1.78016], "rotation": [3.54002, -3.53329, -135.10922], "uv": [39, 98]},
						{"origin": [-3.06261, 22.36687, -2.47426], "size": [1, 1, 1], "inflate": -0.42, "pivot": [-2.06261, 22.81249, -2.07448], "rotation": [3.54002, 3.53329, 135.10922], "uv": [98, 33]},
						{"origin": [-3.82205, 21.71441, -2.33372], "size": [1, 1, 1], "inflate": -0.42, "pivot": [-3.77205, 24.41441, -1.83372], "rotation": [-3.83424, -3.21154, -39.89247], "uv": [98, 20]},
						{"origin": [-4.36084, 20.37012, -2.45133], "size": [1, 1, 1], "inflate": -0.42, "pivot": [-4.31084, 23.07012, -1.95133], "rotation": [-1.29717, -4.82922, -74.9453], "uv": [12, 98]},
						{"origin": [-3.25407, 22.77585, -2.41484], "size": [1, 1, 1], "inflate": -0.42, "pivot": [-1.9426, 23.48726, -1.91484], "rotation": [-2.31336, -4.43385, -62.41043], "uv": [98, 9]},
						{"origin": [-2.6331, 21.91304, -2.49032], "size": [1, 1, 1], "inflate": -0.42, "pivot": [-2.32164, 22.62446, -1.99032], "rotation": [-0.43688, -4.98093, -84.981], "uv": [8, 98]},
						{"origin": [-2.7761, 22.32308, -2.45445], "size": [1, 1, 1], "inflate": -0.42, "pivot": [-1.46463, 23.03449, -1.95445], "rotation": [-4.83045, -1.29256, -14.94548], "uv": [4, 98]},
						{"origin": [-2.9239, 22.32308, -2.45445], "size": [1, 1, 1], "inflate": -0.42, "pivot": [-3.23537, 23.03449, -1.95445], "rotation": [-4.83045, 1.29256, 14.94548], "uv": [0, 98]}
					]
				},
				{
					"name": "cost_right_line",
					"parent": "coat_right",
					"pivot": [-3.85, 20.5, 1],
					"cubes": [
						{"origin": [-4.62702, 18.85, -0.7], "size": [4, 1, 1], "inflate": -0.45, "pivot": [-3.63849, 19.71747, 0.19995], "rotation": [0, 0, 90], "uv": [81, 0]},
						{"origin": [-4.62702, 18.85, -0.3], "size": [4, 1, 1], "inflate": -0.45, "pivot": [-3.63849, 19.71747, -0.19995], "rotation": [0, 0, 90], "uv": [79, 74]}
					]
				},
				{
					"name": "coat_mein",
					"parent": "coat",
					"pivot": [0, 17.5, 0],
					"cubes": [
						{"origin": [-4, 16.199, -2], "size": [8, 4, 4], "uv": [27, 0]},
						{"origin": [-3, 20.11081, 0.95824], "size": [6, 3, 1], "pivot": [0, 21.11181, -0.04176], "rotation": [2.5, 0, 0], "uv": [65, 4]},
						{"origin": [-2.9, 22.36129, -2.38639], "size": [1, 1, 1], "inflate": -0.3, "pivot": [-2.35, 22.8108, -2.5082], "rotation": [-1.76833, 1.76749, 44.97272], "uv": [90, 46]},
						{"origin": [-3, 20.11081, -1.95824], "size": [6, 3, 1], "pivot": [0, 21.11181, 0.04176], "rotation": [-2.5, 0, 0], "uv": [63, 42]},
						{"origin": [1.9, 22.36129, -2.38639], "size": [1, 1, 1], "inflate": -0.3, "pivot": [2.35, 22.8108, -2.5082], "rotation": [-1.76833, -1.76749, -44.97272], "uv": [90, 46], "mirror": true}
					]
				},
				{
					"name": "bone18",
					"parent": "coat_mein",
					"pivot": [4.00109, 20.07202, 0],
					"rotation": [0, 0, -19.5],
					"cubes": [
						{"origin": [3.29245, 19.94208, -1.75], "size": [1, 1, 2], "inflate": -0.25, "uv": [71, 74]},
						{"origin": [3.00109, 20.07102, -2], "size": [1, 3, 1], "pivot": [4.00109, 20.07202, 0], "rotation": [-4, 0, 0], "uv": [16, 95]},
						{"origin": [3.29245, 19.94208, -0.25], "size": [1, 1, 2], "inflate": -0.25, "uv": [58, 66]},
						{"origin": [3.00109, 20.07102, 1], "size": [1, 3, 1], "pivot": [4.00109, 20.07202, 0], "rotation": [4, 0, 0], "uv": [95, 10]}
					]
				},
				{
					"name": "bone17",
					"parent": "coat_mein",
					"pivot": [-4.00109, 20.07202, 0],
					"rotation": [0, 0, 19.5],
					"cubes": [
						{"origin": [-4.29245, 19.94208, -1.75], "size": [1, 1, 2], "inflate": -0.25, "uv": [91, 21]},
						{"origin": [-4.00109, 20.07102, -2], "size": [1, 3, 1], "pivot": [-4.00109, 20.07202, 0], "rotation": [-4, 0, 0], "uv": [24, 95]},
						{"origin": [-4.29245, 19.94208, -0.25], "size": [1, 1, 2], "inflate": -0.25, "uv": [90, 59]},
						{"origin": [-4.00109, 20.07102, 1], "size": [1, 3, 1], "pivot": [-4.00109, 20.07202, 0], "rotation": [4, 0, 0], "uv": [20, 95]}
					]
				},
				{
					"name": "coat_N",
					"parent": "coat_mein",
					"pivot": [0, 17.5, 0],
					"cubes": [
						{"origin": [-3, 22.10343, -2.4044], "size": [6, 1, 1], "inflate": -0.45, "pivot": [-2.31147, 22.81484, -1.95445], "rotation": [-2.5, 0, 0], "uv": [70, 58]},
						{"origin": [-0.57702, 21.90343, -2.4044], "size": [3, 1, 1], "inflate": -0.45, "pivot": [0.21151, 22.81484, -1.95445], "rotation": [0, 2.49762, 90], "uv": [90, 8]},
						{"origin": [-2.52298, 22.00343, -2.4044], "size": [3, 1, 1], "inflate": -0.45, "pivot": [-0.21151, 22.91484, -1.95445], "rotation": [0, -2.49762, -90], "uv": [90, 6]},
						{"origin": [-2.42298, 18.80605, -2.52474], "size": [3, 1, 1], "inflate": -0.45, "pivot": [-0.21151, 19.71747, -1.82479], "rotation": [0, 0, -90], "uv": [88, 70]},
						{"origin": [-0.57702, 18.80605, -2.52474], "size": [3, 1, 1], "inflate": -0.45, "pivot": [0.21151, 19.71747, -1.82479], "rotation": [0, 0, 90], "uv": [88, 62]}
					]
				},
				{
					"name": "coat_S",
					"parent": "coat_mein",
					"pivot": [0, 17.5, 0],
					"cubes": [
						{"origin": [-3.5, 22.10343, 1.4044], "size": [7, 1, 1], "inflate": -0.45, "pivot": [-1.81147, 22.81484, 1.95445], "rotation": [2.5, 0, 0], "uv": [48, 41]},
						{"origin": [-0.57702, 21.90343, 1.4044], "size": [4, 1, 1], "inflate": -0.45, "pivot": [0.21151, 22.81484, 1.95445], "rotation": [0, -2.49762, 90], "uv": [81, 79]},
						{"origin": [-3.52298, 22.00343, 1.4044], "size": [4, 1, 1], "inflate": -0.45, "pivot": [-0.21151, 22.91484, 1.95445], "rotation": [0, 2.49762, -90], "uv": [81, 72]},
						{"origin": [-0.57702, 18.80605, 1.52474], "size": [4, 1, 1], "inflate": -0.45, "pivot": [0.21151, 19.71747, 1.82479], "rotation": [0, 0, 90], "uv": [81, 33]},
						{"origin": [-3.42298, 18.80605, 1.52474], "size": [4, 1, 1], "inflate": -0.45, "pivot": [-0.21151, 19.71747, 1.82479], "rotation": [0, 0, -90], "uv": [81, 31]}
					]
				},
				{
					"name": "pocket",
					"parent": "coat_mein",
					"pivot": [0, 17.4, 0],
					"cubes": [
						{"origin": [-2, 20.01081, -2.05824], "size": [4, 2, 1], "pivot": [0, 21.01181, -0.05824], "rotation": [-2.5, 0, 0], "uv": [78, 36]},
						{"origin": [-2, 19.099, -2.1], "size": [4, 1, 1], "uv": [81, 56]}
					]
				},
				{
					"name": "bone19",
					"parent": "pocket",
					"pivot": [0, 17.4, 0],
					"cubes": [
						{"origin": [-2.47, 20.84, -2.5266], "size": [3, 1, 1], "inflate": -0.45, "pivot": [-1.58125, 21.75929, -2.03668], "rotation": [-0.10912, 2.49762, 90], "uv": [89, 77]},
						{"origin": [-2.47, 21.09, -2.5266], "size": [3, 1, 1], "inflate": -0.45, "pivot": [-1.58125, 21.75929, -2.03668], "rotation": [-0.10912, 2.49762, 90], "uv": [89, 74]},
						{"origin": [-2.5, 21.64903, -2.5113], "size": [5, 1, 1], "inflate": -0.45, "pivot": [-1.81147, 22.36044, -2.05134], "rotation": [-2.5, 0, 0], "uv": [76, 62]},
						{"origin": [-2.5, 21.39903, -2.5113], "size": [5, 1, 1], "inflate": -0.45, "pivot": [-1.81147, 22.11044, -2.05134], "rotation": [-2.5, 0, 0], "uv": [49, 76]},
						{"origin": [-0.53, 21.09, -2.5266], "size": [3, 1, 1], "inflate": -0.45, "pivot": [1.58125, 21.75929, -2.03668], "rotation": [-0.10912, -2.49762, -90], "uv": [89, 66]},
						{"origin": [-0.53, 20.84, -2.5266], "size": [3, 1, 1], "inflate": -0.45, "pivot": [1.58125, 21.75929, -2.03668], "rotation": [-0.10912, -2.49762, -90], "uv": [89, 15]}
					]
				},
				{
					"name": "bone20",
					"parent": "pocket",
					"pivot": [0, 17.4, 0],
					"cubes": [
						{"origin": [-2.21992, 18.49336, -2.59985], "size": [2, 1, 1], "inflate": -0.45, "pivot": [-1.33117, 19.66264, -2.10993], "rotation": [0, 0, 90], "uv": [93, 85]},
						{"origin": [-2.5, 18.5514, -2.59985], "size": [5, 1, 1], "inflate": -0.45, "uv": [72, 14]},
						{"origin": [-2.5, 18.8014, -2.59985], "size": [5, 1, 1], "inflate": -0.45, "uv": [72, 12]},
						{"origin": [-1.96992, 18.49336, -2.59985], "size": [2, 1, 1], "inflate": -0.45, "pivot": [-1.08117, 19.66264, -2.10993], "rotation": [0, 0, 90], "uv": [91, 79]},
						{"origin": [0.21992, 18.49336, -2.59985], "size": [2, 1, 1], "inflate": -0.45, "pivot": [1.33117, 19.66264, -2.10993], "rotation": [0, 0, -90], "uv": [91, 72]},
						{"origin": [-0.03008, 18.49336, -2.59985], "size": [2, 1, 1], "inflate": -0.45, "pivot": [1.08117, 19.66264, -2.10993], "rotation": [0, 0, -90], "uv": [91, 68]}
					]
				},
				{
					"name": "backpackPositioningBone",
					"parent": "body",
					"pivot": [0, 18.6, 0]
				},
				{
					"name": "legRight",
					"pivot": [-2.1, 15.6, 0],
					"cubes": [
						{"origin": [-3.599, 9.4, -1.5], "size": [3, 7, 3], "inflate": 0.2, "uv": [0, 61]}
					]
				},
				{
					"name": "ShinRight",
					"parent": "legRight",
					"pivot": [-2.1, 9.2, -0.7],
					"cubes": [
						{"origin": [-3.599, 0, -1.5], "size": [3, 9, 3], "inflate": 0.199, "uv": [14, 56]},
						{"origin": [-3.599, 0, -3.5], "size": [3, 3, 5], "inflate": 0.3, "uv": [54, 4]}
					]
				},
				{
					"name": "legLeft",
					"pivot": [2.1, 15.6, 0],
					"cubes": [
						{"origin": [0.599, 9.4, -1.5], "size": [3, 7, 3], "inflate": 0.2, "uv": [56, 27]}
					]
				},
				{
					"name": "ShinLeft",
					"parent": "legLeft",
					"pivot": [2.1, 9.2, -0.7],
					"cubes": [
						{"origin": [0.599, 0, -1.5], "size": [3, 9, 3], "inflate": 0.199, "uv": [35, 49]},
						{"origin": [0.599, 0, -3.5], "size": [3, 3, 5], "inflate": 0.3, "uv": [19, 48]}
					]
				}
			]
		}
	]
}