{
	"pack_name": "{maid_pack.7_years_later_caricature.name}",
	"model_list": [
		{
			"model_id": "7_years_later_caricature:saki",
			"animation": ["touhou_little_maid:animation/maid/default/head/default.js", "touhou_little_maid:animation/maid/default/head/beg.js", "touhou_little_maid:animation/maid/default/head/music_shake.js", "touhou_little_maid:animation/maid/default/task/ranged_attack.js", "touhou_little_maid:animation/maid/default/head/reverse_blink.js", "touhou_little_maid:animation/maid/default/head/blink.js", "touhou_little_maid:animation/maid/default/arm/default.js", "touhou_little_maid:animation/maid/default/arm/swing.js", "7_years_later_caricature:animation/maid/default/leg/default.js", "7_years_later_caricature:animation/maid/default/saki_sit_stair/default.js", "7_years_later_caricature:animation/maid/default/saki_sit_stair/skirt_rotation.js"],
			"render_entity_scale": 0.8,
			"description": ["{model.7_years_later_caricature.saki.desc}"],
			"show_custom_head": false,
			"can_hold_trolley": false,
			"show_hata": false,
			"can_hold_vehicle": false,
			"can_riding_broom": false
		},
		{
			"model_id": "7_years_later_caricature:honoka",
			"description": ["{model.7_years_later_caricature.honoka.desc}"],
			"animation": ["touhou_little_maid:animation/maid/default/head/default.js", "touhou_little_maid:animation/maid/default/head/beg.js", "touhou_little_maid:animation/maid/default/head/music_shake.js", "touhou_little_maid:animation/maid/default/task/ranged_attack.js", "touhou_little_maid:animation/maid/default/head/reverse_blink.js", "touhou_little_maid:animation/maid/default/head/blink.js", "touhou_little_maid:animation/maid/default/head/hair_ponytail_swing.js", "touhou_little_maid:animation/maid/default/arm/default.js", "touhou_little_maid:animation/maid/default/arm/swing.js", "7_years_later_caricature:animation/maid/default/leg/default.js", "7_years_later_caricature:animation/maid/default/honoka_sit/skirt_rotation.js", "7_years_later_caricature:animation/maid/default/honoka_sit/default.js"],
			"render_entity_scale": 0.8,
			"show_custom_head": false,
			"can_hold_trolley": false,
			"show_hata": false,
			"can_hold_vehicle": false,
			"can_riding_broom": false
		}
	],
	"version": "1.1.0",
	"icon": "7_years_later_caricature:textures/maid_icon.png",
	"author": ["AoiAihana(Vanli233)"],
	"description": ["{maid_pack.7_years_later_caricature.desc}"],
	"date": "2022-04-11"
}